x1,x2,x3,x4,x5,x6,y
-0.15901559210357902,0.48275989543005593,0.15890798997143352,-1.0,0.8547861111223376,1.0,6.523461771119247
-0.8918445773270383,0.02866286590321121,0.5901966643099399,-0.7705242675171655,-1.0,-0.6235255775895743,-0.2409498283677889
0.14722612044027425,-0.07453622933091408,0.11663623466285589,0.7377228474217236,0.3126654567013407,-0.4691832069796255,0.6156027943854959
0.2674651726920043,-0.1815370337175093,1.0,1.0,1.0,-0.6799882022904797,-1.6490324312234335
-0.09345100514964111,-1.0,0.4461490284470262,-0.005721791436237744,1.0,-0.2734920326328862,1.6834205123659982
1.0,1.0,0.4573430362495603,0.7748601848455376,-0.30254242316634433,-0.6354712452665088,3.2869009072836004
0.08836419200894109,-0.4397858337719296,-1.0,-0.3955480923416927,0.5366834075464009,-0.8904432768882227,1.7763620283636077
-1.0,0.46124131142780356,-0.7356769395785185,-0.22665313295424083,-0.646247836779334,-0.34331510303195584,-1.390691837876211
-1.0,-0.09110393521243476,-0.7431821686762746,-0.10318710954917232,-1.0,-1.0,-0.044449888637803914
-0.22818249617273037,-0.7901208002626855,0.20160193139313065,0.912339091727729,-0.415982218072879,-0.33156332007149497,0.8378003013649025
-0.7054660960950285,-0.531659701211291,-0.17462264873074362,0.6045111471276537,-0.6272612335509592,0.20206111664267945,-1.1691394734030842
-0.731078259152147,-0.8962342998270492,-1.0,-0.940520730835841,1.0,1.0,2.496153372425867
-0.24532367750992812,0.808341404559782,0.9099345997389239,1.0,-1.0,0.5288547604960995,-2.8789737837337537
-1.0,-0.39485500371857385,-1.0,-0.9293921614708853,-0.3671764812054925,-0.932074528883523,3.818754136498792
-0.7990672458480489,-0.6179471329810566,-0.043051989326195,0.3761321359853428,-0.360673446355127,0.19328827900711593,-0.7976152703314722
-0.13912924990022013,-1.0,-0.43760041877711453,-1.0,-1.0,-1.0,7.692149791136187
-1.0,-0.1815048374326348,1.0,-0.7427393762515264,-0.3038908353397578,-0.4418879897719237,-0.6687432102213833
0.30438412166665185,1.0,0.5910548337249264,-0.03218364032296267,1.0,1.0,1.9438981022716737
-0.593190469575291,-0.02970768444415578,-0.12172452531280142,0.5998018244658518,1.0,1.0,6.493418829038201
-1.0,0.6177421906528155,1.0,0.21456130087013126,0.9343427757906091,1.0,-1.0165636649393848
-0.04649219438165869,-0.06211390677434647,-1.0,-0.7540807294183559,0.7115939163493606,1.0,6.102006283663943
-1.0,-0.8678975358063227,-1.0,-1.0,0.12767456192972926,-1.0,2.8601837747841907
1.0,0.8569241228212956,0.29354204503028924,1.0,0.3329162140177431,0.6820877190505874,-1.124410886831314
-0.686366636458557,-1.0,-1.0,-0.6200724472319368,-1.0,-1.0,2.162924510663568
-1.0,-0.24058182559286312,-1.0,-0.3382059348853027,-1.0,1.0,5.006295045921126
-1.0,-1.0,-1.0,-0.38244786313504425,0.3803719557892521,1.0,1.5884803478503497
-0.11035542044769042,1.0,1.0,0.546512900017442,0.3397732308663216,0.04995641778208815,-3.3169729180728305
0.6756166830376137,-0.5785548158130179,-0.6735273759379928,-0.036582009747807176,0.41288732024292607,-0.08282424100748043,-1.9840559142532392
-0.7210166950656751,0.8183235861834729,-0.3532704670212269,0.1543404038538131,0.5752091487626019,0.4767692324338007,3.5061669055171754
-1.0,-1.0,-1.0,-0.24564808913088743,-0.7338310040292819,0.6762559318339755,-3.8372235692763743
0.20664850185221056,0.7929282691905208,1.0,0.15165747213295466,1.0,0.0765077064888503,-2.6107683148000653
0.00440658460041643,0.9659247617415201,-1.0,0.8906116238324007,0.052012723046096165,-1.0,4.075488173514893
-0.1594076273638752,-0.7949302108718824,-0.5388912701092172,-1.0,0.07901433084795251,-0.43720520747975744,0.6054814819799766
0.8447018498636911,-0.09743905940964925,1.0,0.16476808889393182,1.0,0.04109258613355693,-3.409817168559906
1.0,1.0,-0.4747243726425357,1.0,-1.0,0.2297815220324504,7.553834711125719
1.0,1.0,0.9408316623393305,0.15429243183239594,0.7505544713662813,-1.0,-2.8784428293407567
0.36675226689709534,1.0,0.8513830442891477,0.4927709793996169,0.26692102470656215,-0.42947692590083386,-3.147060732681072
-0.7523211973979533,-0.9382355313901901,0.21728336946711901,-0.969349920825723,-0.774958297248231,-0.5750617825478244,4.223470665476705
-0.46052241830601226,-0.5515295011689414,0.31948871552423386,0.011171614097332028,0.500503334662167,0.92234051161684,2.213203315866374
-0.42474175530691954,-1.0,-0.2687026889285149,-1.0,-0.13297410938709908,-1.0,4.504666712316866
-0.471308112639232,0.6004793408972329,0.5294546308568004,0.6740537195693148,0.052436301672207336,-0.6489563876662672,1.176741167789495
1.0,-0.04160613511427269,1.0,1.0,0.5604629863732767,0.9932263428106369,-4.916567631101052
1.0,0.37300059320840906,0.5899235809113177,1.0,-0.08522953168353198,-0.414049157700182,1.5784736005682345
-0.8032406831835421,-0.022158054473273014,0.3302447778255406,-1.0,-0.6755280549275973,-0.3510237346262204,0.6996383022701138
0.8405438456118186,0.27876626264134496,1.0,0.24898139849532996,0.6279547419235504,0.9450586044158391,-3.187695187042597
-0.8768071719420732,-0.4446367751597093,-0.2287927798524355,-1.0,-1.0,-0.972441870751136,2.6128029421178147
-0.07012673168139316,-0.5303306489663615,-0.34955541747769836,-1.0,-0.3868689793438831,-0.5198605148380775,0.9162042518430796
-1.0,-0.41042877855894644,-1.0,-1.0,-0.5497595524718717,0.09214855428795132,-3.300286622427068
1.0,1.0,0.906736223061883,0.5022023801991922,-0.32694157616728425,-0.43907070925001324,0.3035161100656006
-1.0,-1.0,-1.0,-1.0,0.6423611303197246,0.7460755449533198,-5.704315714522959
0.11855597991370981,-0.06963480911944964,0.3723380010333678,-0.08763383426275129,-1.0,-0.040418780529570375,-0.9874966241421096
-0.5997790249640907,-1.0,0.31178918194700445,0.5147704997962543,-1.0,-0.27507611404835863,0.4537002766969358
0.3853173529448659,0.580887141605682,0.5654886219977635,-1.0,1.0,-0.36785334233595357,0.5149761675941478
0.8264088677511376,0.37085079548841005,0.6151989099927018,-1.0,0.5515406939494385,1.0,0.5529509850076868
1.0,1.0,1.0,1.0,0.007454991638364827,1.0,-4.941359299558405
-1.0,-0.4388983831608271,-1.0,-1.0,0.5576038249430082,-0.07033585566272146,-3.183795240437463
1.0,1.0,1.0,1.0,0.5259639091795322,0.34177197343945576,-7.094437040853656
-1.0,-0.008470205148099264,-1.0,0.22054671647399776,0.05624061679296788,-1.0,6.519383109403328
-0.5618704018261537,0.5926292283121936,1.0,0.18403561679254213,1.0,1.0,-0.4328502394259217
1.0,0.4245859455855765,-0.5521723388403027,1.0,0.6022247282231922,1.0,0.2181591060946273
0.1581828682219174,0.5938621909295987,0.018752316624248977,0.27251519456504747,0.25930979369342716,0.9304084310890611,3.561805942631187
1.0,1.0,1.0,0.8320522092321394,1.0,-1.0,-5.7708134892035465
1.0,1.0,0.5952741679741115,0.05380765422371647,-1.0,-0.17910874155755613,1.5805538534103638
0.0917412055816364,0.11576388009154764,0.21123425143806,-0.6342246595138419,-1.0,-1.0,2.554931817981644
-0.6955175238619371,-0.33912474811002724,-0.2976923528805011,0.018180391935584295,-0.04181459006457611,-0.7047979099026725,2.931255324363238
0.12636243611011105,0.8023325488201696,0.6595206392060566,-0.24145666481964648,-0.5421179994725953,-1.0,0.6195134502520204
-0.4824416535744367,0.2761256791381297,-0.5527283307458379,0.7275858024081772,-1.0,0.035222736161666046,-1.9105930452706903
1.0,1.0,0.3030693590795934,-0.08308986223315262,-0.7582986245988159,0.20017255317464805,-0.1684344275577525
-0.20827057919231168,0.48261057214618097,-0.851237262247211,-0.3679567500861982,0.5845577114768017,0.027506886618298088,-0.08545476382831452
0.4628150346198087,-0.4433077296168222,-0.7676418456485621,-0.21845434674704478,-0.1146633992182512,0.6819934812588285,1.162066206960285
-0.0005834432215546248,0.3819153931006856,0.4118593982740668,1.0,1.0,0.5863510518040788,1.6454248545847494
1.0,0.3262554687865431,-0.3525142629579705,-0.13838256362807433,1.0,1.0,0.7617935277898737
-0.3475210259578516,-0.4847484390471888,-0.7610703614856219,-0.8859613499651797,1.0,-0.7952462519921804,2.5268586552669974
-0.592829494142354,0.17595176449143202,1.0,-0.13323405456070792,0.7627798647018025,1.0,0.3598605689661756
0.309064854886928,-0.5699706306803103,0.5724716770163232,0.9033459490718148,0.4988071473348612,0.4810831435522892,-0.5310892083876477
0.774284177106653,-1.0,-0.08035317089930782,-0.10687870572885794,0.16095153881931173,0.8073293847083838,-1.1196172219827356
-0.16013122797287982,1.0,1.0,-0.196950824264575,0.12288334158868594,0.1091064501180511,-1.3650372942356275
1.0,-0.09774084687987819,-1.0,0.8587718895252376,-0.49602345375543727,-0.6855509487065788,2.66884598296656
1.0,-1.0,-0.51960507248119,0.8683317105507192,1.0,0.8420662692744105,-1.5096718149596013
-0.711282515420486,-0.8493372255431464,-1.0,-0.31844461767000065,-0.1921503597299015,0.3298089682267587,-2.85623739315565
-0.18872347800511896,-0.10782160929241952,-0.4568301066907822,0.4206740999004237,-1.0,0.05363215230767859,-0.5747467549801074
-0.5613099911882531,-0.1249742356663337,-0.35793484365962347,-0.5485527324645675,1.0,1.0,6.209032882236927
1.0,1.0,-0.07774693049104024,0.7052986520107907,0.819703918748915,0.18182705898616458,-2.3343299223530356
1.0,0.5504001159678316,1.0,1.0,0.6180465645466011,-1.0,-1.0791487961691284
-1.0,-1.0,-0.06769279399940131,-0.35091942405544696,0.49081695497860944,0.5149280710653237,-0.42132611942585924
-0.40426775294369477,-1.0,-1.0,0.6962073522360415,0.8142361337828281,1.0,5.237672521947874
0.11235997609172621,0.24180688221547064,0.854338894814934,1.0,0.8651221654594905,1.0,0.5968281616310984
-0.5450588730217565,-0.8563577947282464,-1.0,-0.4447844862557136,-0.5136467669016623,0.24956880392135194,-2.827278956709533
-0.6417063419163308,-0.37480789855496544,-0.5219951839861596,-0.7794262324623207,-0.11467833952164808,-1.0,4.308641324788082
0.2986532100162811,0.21907459904207194,1.0,1.0,1.0,1.0,-1.9931451250574659
-0.25064569857938923,-1.0,-0.08728523649261666,-0.2828363051426454,1.0,0.7390790485523403,1.8537197495096343
-1.0,-0.12922016919306167,-0.29730913245238977,-0.5779725553056376,0.1692883545768431,0.5252395081093792,1.2655845830461492
0.038824631145395055,-0.6751892010829361,-0.1068177548172613,0.44318871766575296,-1.0,-1.0,2.856736059622938
-1.0,-1.0,-1.0,-0.5540736751934783,1.0,1.0,1.7441446529809932
0.8886173515600141,0.5419825348463471,0.6703488664069166,-0.8122874075858362,0.3797162550356725,0.30505538719980135,-1.4162800481089723
-1.0,-1.0,-1.0,-0.7342363639089553,-0.4120369655098828,0.23368720469102877,-6.65422479100178
-0.67640280464735,-0.6636247555666198,-0.34956381267447445,-0.7895784455763273,-0.2702192130383836,0.5734009019009298,-1.0118284127942334
-0.4601699595393474,0.27746245529991503,0.7772711038324464,-0.7093168964731414,1.0,1.0,2.8330216277221307
-1.0,-0.4846632837077063,-0.23124119268379717,-1.0,0.15286574740890402,-0.4857566282309075,1.1879741263933064
0.013410442359906405,1.0,-0.5142525536467357,0.3967078413508977,1.0,0.28392396509056184,2.6362686426560678
-0.9400337841070633,-1.0,-0.40374984980790574,-0.7476395626587415,-0.8317734840973665,0.028888578495384364,-0.9705482544417524
-0.794344041682324,-1.0,-0.5648751511947087,-0.863287779866837,-1.0,-0.9540771618370054,4.3795054393764845
-0.44432439253559597,-0.4561568919566348,0.5588495172438913,-0.9393002035979836,-1.0,0.12042617003102568,1.9372715983890172
-0.6351465968263897,1.0,1.0,-0.67813943069849,0.8129979731455854,0.02094441875095976,-1.7284154381272299
0.5196822173042903,-0.4694041604757112,0.6451922700577256,0.09511228555495349,-1.0,-1.0,4.240276212356603
1.0,0.365031743279995,1.0,0.7801773364969486,0.9887006851216273,1.0,-5.551641337689597
-1.0,-0.13401808408042082,-1.0,-0.8820505796021669,-0.3841048894546344,-0.9645832277104175,4.2269794336387205
1.0,0.5169652879890412,0.4842554615957895,0.4531281787568957,0.6941022314453241,1.0,-0.07371936889957131
1.0,1.0,1.0,-0.3572840727442677,-1.0,0.8853706774502392,2.1932245561724133
1.0,1.0,-0.1848284794577738,1.0,0.9305413119897615,-1.0,0.8794414203040406
-0.01093906046089091,0.2542489508629142,0.5280870098885607,1.0,0.588843817250699,-1.0,2.185979557930644
1.0,1.0,1.0,1.0,-0.4293401671806437,-1.0,5.507506712975531
-1.0,-1.0,0.22663799748096075,-0.3830216183625053,-0.6029776843881991,-1.0,3.1972490723891824
-0.13368608828985462,-1.0,-0.14149772187798304,-0.17112331873900172,1.0,1.0,2.73066788235136
-1.0,-0.6490352465195627,-1.0,-0.026310766673772024,-0.1638278453675761,-0.007387730989559582,-2.2980588202480914
0.19643810842088405,1.0,-0.3886270821379411,0.22115979399327623,-0.4347381967676487,-0.7817098337229984,3.367579946787472
1.0,0.5655958599171848,1.0,0.6257422930826522,0.4115792688012134,0.7224634789020223,-3.892220637660524
1.0,0.7089851687937296,0.1778252159003325,-0.5990176230688518,-1.0,1.0,9.649276341355815
0.11289666934150916,1.0,-1.0,1.0,-0.37339420022758174,-0.10167387966357155,2.691738462710301
0.9938797715418418,1.0,1.0,1.0,-0.9756689723290097,-0.18452664518783402,4.0925499734651005
-0.1584694141257993,0.23524865925069616,-0.4690011511794946,-0.014562017811567518,0.5111292213968501,-0.12117755039303979,-0.5537025740924983
-1.0,0.7197526080854431,0.6391997209098299,-0.0911661175186127,-0.31585313027606743,0.05868003773055397,-1.4857024011885902
-0.23045653337597827,-0.07419805618120812,-1.0,-0.7275445407830323,-0.21928014886921332,1.0,6.568834234237765
1.0,-1.0,-1.0,-0.33742962969859924,-1.0,-0.27569757237870807,6.090675855093701
-0.6574412719696263,-0.5178209585519365,0.22376033904164583,0.683781682874385,-1.0,-0.139140169771305,-0.6774268033658665
-1.0,0.14287367572194454,-0.35765240383876856,0.01718727644297996,-0.24128076631826922,0.689658834658943,0.5825920604845334
-1.0,-1.0,-0.2233147897984804,-0.11878530766863649,0.14548248829156973,0.19961542905119578,-1.7165496116909396
-0.7302914056745089,0.1278511089267027,-1.0,-1.0,1.0,0.4535503352726695,2.256594098969326
0.25014397056857823,1.0,0.28158621319084365,1.0,-0.9019446561914204,0.8054848819093551,2.338485054062863
0.3825140339433766,1.0,0.21775988745221309,0.8058190530919771,-0.07581718501636966,-0.47474563805131254,1.0653145981187246
0.4296361873986422,0.10034277576674278,0.8117245248140481,0.8798274143229194,0.18911576935235852,-0.9438738792036679,2.0997502959025662
-0.5709514984701047,-1.0,0.6021402877523856,-0.08389286856618106,-0.6933605392134718,-1.0,3.867817419571355
0.057439727873844326,-0.9644242182975611,-0.5139233630988306,0.47818487654965186,-0.5200567440447811,0.3974706127167823,-0.5059193512744204
0.24319853326506072,0.34856400779596636,-0.2651958350040349,-0.159523443516084,-0.2710673078708421,-1.0,2.3787391364160495
0.9920343994827031,1.0,-0.11430769830126575,-1.0,1.0,-0.7995464215027703,-0.5833364914548201
0.34016136017478915,0.19712585316908254,0.642098645642887,0.26444410719697115,-1.0,-1.0,3.213563399097772
-0.6372235121649124,-0.6871264146476581,0.21120319424813616,0.5636285596018015,0.8544035593103338,0.5918867232293668,1.2501786974715474
-0.11000257491551291,-1.0,0.07133057568258394,-1.0,0.13199802866143984,0.672125195866319,-1.9637769454156822
0.0001174843775718637,1.0,0.6909443742522785,1.0,1.0,0.14316712298384704,-3.8544612310726123
1.0,-0.45196949217645294,0.6366727115336717,-0.07897890778972899,0.7357249234162253,0.3334132512582913,-3.3414444018450977
-0.8017215596820055,0.0606906627288929,-0.04141240067564403,0.8277315473759712,1.0,1.0,7.480354666908689
0.6728954403911648,1.0,0.1292300670388945,1.0,-0.3098546967314577,-1.0,6.636229561025107
-0.3071898089334578,0.15082367467003,1.0,0.22622512596743538,-0.9619490346510361,0.011325305439851913,-2.0277676564165947
-1.0,-1.0,-0.9091140862796825,-0.7705093879611065,-0.3845296835551,-1.0,2.6809548888914994
1.0,0.461033259631934,-0.8260098922944004,0.5687583685721433,0.5912123337374992,0.048702924170752226,-2.1347198070699225
-0.8471247061233131,-1.0,-1.0,-0.9820356169669526,-1.0,-0.3558765175685742,-0.424962537948126
0.6591933767692657,0.12897850672166644,0.32373912983268327,0.7619442251606376,-0.8054659424246611,0.3119259305307469,2.5993097559935863
-0.46299691974872126,0.2397928838112845,-1.0,-1.0,-0.6906109963383159,-0.40921373208094247,-1.0303960943069108
0.2500238544539303,-0.9006259565860415,0.08377731272203941,0.5950513258473106,0.5747003100530117,0.6570426258493194,0.9444856981313999
-0.10426442324419094,-0.5049989867503688,-1.0,-0.7377708877831414,0.1833032248199985,-0.41231204886923445,-0.8183875165331176
1.0,0.02556024338684848,0.16012601326444154,0.7237904572084839,1.0,0.3283801990434365,-3.136132017350753
-0.1936489312433669,0.6408061330101398,0.30355753657935636,1.0,1.0,-0.32607602769744276,0.774016209974117
1.0,1.0,-0.019619771546950993,1.0,-0.2205543148124277,-0.18579465579852483,3.6879956125076023
-1.0,-1.0,-0.8351872225667201,-1.0,-0.6581534929413835,-1.0,4.180269107356473
-0.5885469470427903,-0.08835792271304077,0.18671444494260547,0.6075194289460614,0.6265229500167575,0.6525506339505336,2.089579883496563
-0.06824600477646026,-1.0,-0.6743554306390658,0.8694683434159336,-0.44282277107724277,-0.8991706243847275,0.6899995518237435
-0.25305935856576434,0.041047281029571,-0.13510542447881968,0.6397678394139599,1.0,-0.5160106681052459,1.6174692125161734
0.3724386645669373,0.7526415084930238,0.629116292414768,0.2954559981184013,-1.0,-0.8642852674535099,1.5430958488059847
0.13190406784762485,0.48825159680258856,-1.0,-0.8677483938044422,-0.14001306783778095,-0.5893253191408575,-0.8477171258185542
1.0,0.7224302447304849,1.0,0.9727585416256179,1.0,0.5448189871096575,-8.065432847974527
-1.0,-0.28219831125110584,0.05586139163452064,-0.06283716593600641,0.01965875661914973,1.0,0.26919875472400256
0.5989891573728134,0.7677025256818968,0.30190981652647375,1.0,0.3123011720184302,-0.48142887962288616,-0.18154643541718812
-0.9640767172053043,-0.3798837894287558,-1.0,-0.6413279142689182,-1.0,-1.0,2.3769026719719
-0.28786759597111483,-0.061420620740086695,-1.0,-0.23744715296069274,1.0,-0.3124748726061346,-0.9806750491504377
-1.0,1.0,-0.30371559149818395,-0.2758700053575459,1.0,1.0,10.02856999035809
-0.6640617381897204,-1.0,-1.0,-0.19148603652148194,0.9573395084112621,-0.44946675074146664,-2.709688680656949
-0.10601301497755555,-0.6399166439750941,-1.0,-0.5442160573176,1.0,1.0,4.7823397621491
0.7662236028148246,1.0,1.0,0.9319250369187746,-0.5612403008072593,-1.0,4.0918138688309025
-1.0,-1.0,-0.15810073828662974,-0.48776869431794645,0.48236562928945853,-0.1337820060872057,1.4933076799602576
-0.5670848325234795,0.5201998234519918,1.0,0.03519379719350685,0.41102222944373557,1.0,-0.16477729213282594
-1.0,-1.0,-0.6483261955342416,-1.0,0.7284564315344912,0.02247191439279478,-3.3299584129651274
-0.14556861083267603,-0.42652420594363516,-0.2159744478759935,-1.0,0.5151500267491402,0.6993431206650594,1.2038395589451625
0.9253361848733413,0.049355803747566374,0.10711160786765661,-0.8504949212099482,0.032575976650720095,1.0,3.167889360068479
-1.0,-1.0,-1.0,-0.8698314234259219,-0.3316592003111114,0.7715558734845813,-4.328985121159925
-1.0,-0.9319943938725841,-0.8310015612898631,-0.2904453833189711,0.28384825228606014,0.36711031943580985,-2.4856860083831482
0.0545363914803762,-0.8914380262550323,-1.0,-1.0,0.3806952073828508,-0.29373205572688876,-3.307843479345144
1.0,-1.0,0.9104674559179138,1.0,-0.8040575757135686,-0.09262285597086128,8.625096440903457
-0.40756486827831107,0.31686720279198244,0.08406036550937573,1.0,-0.668196159884193,-1.0,1.8183340788668128
-0.335881586779162,-1.0,-1.0,-1.0,-0.617731732245752,1.0,2.9131016365172635
0.3082369064154984,0.5376452010236465,0.40801228547697466,0.2962043844658191,1.0,-0.5986606538066986,0.227059169120894
1.0,1.0,1.0,0.003794702825894003,0.9911414906588297,1.0,-5.322599268667877
0.5429492381989742,0.82773191305604,1.0,0.2990771672339949,-0.06626022435757895,1.0,-1.9595337148230385
-1.0,-1.0,0.9522875138209699,-1.0,-0.5099666714379584,-0.09767184235861198,1.085614730597956
-0.9396849931468304,0.09280410482381496,-0.24810008556595195,0.4596573165947134,0.306727439199343,-0.752010948032936,3.042610304131237
0.6918062530780845,1.0,1.0,0.3853697290096576,-0.8338211854607613,-0.3366329771909101,0.556031523852629
0.23822024645641582,0.958478693094727,1.0,0.41180381892669904,0.7907453886126755,-0.20991848769516486,-2.677881392442784
0.6631772688571208,-1.0,-0.07776074215905016,0.42682246679507774,-1.0,-0.1156745815124548,3.954095501263629
0.6796637060311626,-0.7437772045438242,-0.5861707043943238,-1.0,1.0,1.0,-1.5763428706476994
0.9629127958359496,0.19751105056052753,-0.2699022994975756,-0.00038080647861626904,-0.9053859584507453,0.6506697540140686,3.857206356427142
1.0,1.0,1.0,1.0,0.9216410268783403,-0.03846387756416708,-6.852033587873711
0.8649903058523221,0.8216839811284814,0.6659499303595888,-0.34664051503268734,-1.0,-0.29369015718729086,2.423262187482258
0.21785434220140054,0.5090769142350973,1.0,0.5490995352342278,0.8173615782652959,-0.6282086353354177,-0.9552620372202911
-0.06480765717522902,0.4224017458916565,-0.6069786350203541,-0.43014830144395544,-0.446854873364356,-0.9638447009923217,0.7878015187743721
1.0,1.0,-0.3772216656314159,-0.24166584287913595,0.07538073442391335,-0.6135400048504638,0.6194018277865193
0.2668882143471175,0.032724326949075566,-0.7020556129220148,0.22252661212807534,0.31907935675674026,0.791727487597023,3.2313888932022006
-0.1341276655023224,-0.26266257290625616,1.0,-0.8017490145507371,-1.0,0.702538020385882,-1.5844002363652558
0.6042081220585305,1.0,1.0,0.21065295106102927,-1.0,-0.9376136932787433,0.974920800462636
0.043619708929863,0.13457899373278548,0.34894315988765523,0.931443066324736,0.373770603656977,0.19107080013502897,0.5147124081332153
0.8159868156691811,1.0,-0.29813869832412965,0.22694962329817003,-0.06899061592203337,0.5264360378754251,1.8118043547394604
0.048699055198972,-1.0,-1.0,-0.7167830680333411,0.01090080226002732,-1.0,3.12370840642816
0.8784865945459244,1.0,1.0,0.5839527479214603,-1.0,-0.18285323283785626,2.0799750561354484
0.7933326369857293,1.0,-0.049552821466886,1.0,-0.17272729844053497,-1.0,5.425242617263671
1.0,1.0,0.707666450642946,0.4915384812786665,-0.5526392190918257,-1.0,5.304445521492889
-0.6641223913363267,0.003403183015362396,-0.8277625979374488,-0.302124015810808,-0.45258189929359716,-0.01452240366853097,-0.68744882951113
-0.038696076173919014,-0.10233617592121846,-0.6887559888253194,-1.0,0.3402383942202233,-0.48060804284802494,0.7376066196067601
-0.7175544159074797,-0.3439115678474878,-0.5733419340093984,0.06746635365306325,0.26531408728375916,-0.4621442124315245,1.5263400642854004
1.0,-1.0,-0.8428279337266105,0.17772616324009877,0.8671497658250579,-0.35003651060030516,-3.7166605299293898
-0.7398668517551905,-0.10625328155916391,-0.21148046887842264,-1.0,0.3722089519474291,1.0,2.7094365111558756
0.34101238990726634,1.0,0.309994934644441,0.8046543910184372,1.0,0.9451972203360259,1.3511273547566032
0.44041699944982426,-0.44892662994652827,-1.0,0.08522317744045313,1.0,0.7001095480543642,0.7557532575428858
-0.48706568448193355,0.18632685866747556,1.0,-0.13119116591645508,0.8838858460645743,0.6444492069864878,-0.9403311252511628
-1.0,-0.5918058595347838,-0.6844831738932622,-0.45282016415794135,0.8501729696384034,-0.9585558596887426,5.2742315667002435
1.0,1.0,1.0,1.0,1.0,0.23960912751949626,-8.290130176192486
0.2574905015726645,1.0,1.0,0.40906719925090074,1.0,-0.8028768810198641,-3.303584071747833
-0.9642731599346088,-1.0,-1.0,-0.5201874611344464,-0.7182973412520144,-1.0,1.3883834873775767
0.9455016763980337,-0.17235836160396323,-1.0,-0.31884504057792684,-0.8102732753407516,-0.8693207450877217,5.112147744448574
-0.9417507596834478,-0.3495464782905753,-0.9218281182179253,-1.0,0.830703446445977,-1.0,6.449231081978502
-0.2525712246741344,-0.7783979968017948,0.6882867764353727,-1.0,-1.0,-1.0,6.711620472527283
0.918548167359934,-0.17763450555801052,1.0,-0.5819177308800092,-0.11499720793182377,0.7645514719946305,-1.578262144608905
-0.5709938009645369,-1.0,0.5203768390366366,-0.51181647778332,1.0,0.15624722571609168,2.674584590313345
1.0,0.35974233673201594,0.8749285327971488,0.9919182391086894,-0.009044157726562863,0.25194897198758004,-1.854693289343694
-0.6157734641353901,0.6526064676013841,0.8904054749633963,0.7369182308979586,-0.36836086002104795,0.49125042571732547,-3.2473426524096434
0.40601740848979745,0.21804469310866792,0.765311981928071,0.8010357121334908,-0.010627007556238022,-1.0,3.0138617426602963
-0.16946441221580655,-0.32264746035100456,-0.6374924329059038,-1.0,-0.9261181471060698,-1.0,2.619590990404221
1.0,1.0,-0.5207879320991213,1.0,-0.5355244375285951,-0.2645567016122189,6.606278752896052
0.895743068832884,0.5505346431080096,1.0,0.38438739811057765,0.9728616647264741,1.0,-5.112794715434904
1.0,0.6071060058843902,1.0,0.5026252358858915,0.9205094967030318,0.8263886242550724,-5.957163768566331
0.157182354845828,-1.0,-0.5503444008054275,-0.9072310391641312,0.3641110795653152,-0.28696553032926864,-1.0365319334504781
-1.0,-0.9176241475187158,-1.0,-0.4282244281382075,0.10664444691534691,0.1360608042009889,-4.06568443381383
-0.22121623334123142,-0.8094303124362517,0.21732753054468168,-0.9985772513173231,-0.35892466903147835,-1.0,5.7061689088310334
0.09616481701169405,-0.6125369416694622,1.0,-0.33274620231224883,-1.0,-0.8071557772494307,3.1500457927779912
0.14642040225286623,0.5301209797709543,0.6001705590698683,-0.956963986468572,-0.9410000147358708,-1.0,1.5797282360456795
-0.39502599079926926,0.5107777230142383,-0.28189816594031825,0.017420037231096697,-0.8775755082487515,-0.2966214040370604,-1.1405394651247085
-1.0,-0.46041497390541686,0.12666438405220504,-0.6515661357796018,-0.22383430859185294,1.0,-0.2977580470555443
-0.12024599112950196,0.9153808456360327,-0.1606806802911236,-0.5395955673838655,-0.24281590990971708,0.5280042670244558,3.1210172899401063
-0.1701061077165913,0.16840525351704727,0.03110878238472825,-1.0,0.7980334450957398,1.0,4.34705498546002
-1.0,-1.0,-1.0,-0.22914628186136277,-0.7917483396972517,0.7751263586609972,-2.5504360278765943
-0.15226190931196903,-0.07993254703891269,1.0,-1.0,-0.8157867091371689,-1.0,0.7346069906807
-0.033607642185600195,0.019587264465128595,1.0,0.14246598278781736,-0.5353845943433886,-0.10063517793577281,-0.25508696022553656
-1.0,-1.0,-0.893339081352625,-1.0,-1.0,0.7866853421970461,-0.797058032125042
0.5347478777591046,1.0,1.0,0.35111667775401423,0.13922494231405766,-0.5998069776708344,-2.5936641024872085
-1.0,0.44124522646429565,-0.8303138878857437,-0.9859807916117925,-1.0,-0.6044101171631473,-1.408065814790192
-0.16079193796807106,-0.19436221195633224,0.3367163645271218,-1.0,-1.0,-0.6938670361601049,2.357878845059424
-1.0,-1.0,-1.0,-1.0,1.0,-1.0,3.234828709315985
-1.0,-1.0,1.0,-0.5387138618987595,-0.6934194744913257,1.0,-2.982294359159222
1.0,-0.6085888095641843,0.35167623648729407,1.0,0.5644119725284963,0.9693842063891204,1.2481501201846192
0.5037882646747103,1.0,0.8638105852855826,1.0,-1.0,0.4855453004672603,0.6885155556860744
-1.0,-1.0,0.6135942938272967,-0.029306995279355375,-0.3856670855717885,-0.6813134744634601,3.067939733629474
-1.0,0.3985798584914733,-0.275860928965325,-0.6636599210464633,1.0,1.0,8.990464326622943
-0.8462208205800161,-0.19825832708872637,-1.0,-0.7347604238718883,-0.584492997382242,-0.1993844236948334,-2.97259552961098
0.3590902112049581,0.05845896546478535,1.0,1.0,0.5148401858894046,0.2746533123403384,-2.431853890258043
-0.08636641722595062,0.16467363600980744,0.040185845204042,-0.5836362367151309,-0.08548088772241247,-0.0854436563035057,-0.4860594696445958
1.0,0.4743193122533489,1.0,-0.31430625565826364,-0.013817089903543023,-0.4668891622191462,1.5929739773565808
0.8991253622416978,1.0,-0.4599037570640172,-0.7556214723368255,-0.45652860009157126,0.9325551573251972,9.052319452365067
1.0,1.0,0.6068637857509085,0.2635075653695089,0.5718117006058747,0.02532478357144574,-2.9727292629363635
1.0,0.17900170132371407,-0.31293547148543177,0.47518808462586637,0.999981780297095,0.468188169805768,-2.7251057399787633
0.5993114120969143,-1.0,0.9579712567942981,-0.4360863848920225,0.9193169948770825,0.0718169712222636,-0.01310298380422581
-1.0,-0.1539169992375607,-0.20741532667988782,-0.4423557090020217,-1.0,-1.0,-0.6135884495795636
0.8952756682429086,1.0,0.1916188739210296,1.0,1.0,1.0,-0.055424172377439934
0.7672782116967227,1.0,1.0,1.0,0.11294954558698789,0.18597776322684012,-3.7255730318044415
0.7198512521664693,-0.6630402615669503,-0.014550065637986012,0.7967244693876997,-1.0,-1.0,7.850927711213053
0.23848325153668093,0.008754973415875892,0.48960470516628174,-0.6288141841057,0.7774278050020962,1.0,1.4495776973216363
-0.553693691990831,1.0,1.0,1.0,-1.0,-0.8194047088022455,-1.2401654848474042
-0.7040866400389356,-0.5851905156338959,-1.0,-0.5037241818334093,1.0,1.0,5.880471358978565
0.8134797622859333,0.10879230565707398,-0.7289970700207605,-1.0,-0.9353348197217765,0.2961788418029405,4.874483000157728
-0.27156541200870854,-1.0,-0.2664567233061407,-1.0,0.6384735642407942,1.0,0.3758074561156106
0.1119727424476874,-0.0830322223039256,-1.0,-1.0,0.9321502477285752,0.43151239874423464,0.45127689459002135
-1.0,0.3759724554178262,-0.1958658479987056,-0.85451728442136,-0.3298459459755176,-0.923550055108383,0.5303360446993316
0.14888550806946232,0.34004148176219706,-1.0,-0.6465460807063795,0.8531321499857916,0.6602480646013699,4.008243048928511
-0.3456154959783361,-0.2607223613298453,-0.8994032678933853,0.8981907152837107,-0.9115754971106373,-1.0,0.9725672029227874
-1.0,0.478844084065923,0.29854247075755014,-1.0,-1.0,-1.0,-2.29895335349847
-0.320481427530549,-0.02623371771566549,-0.6556867854267326,0.18610846577032214,0.26952492360968217,1.0,5.844424055595217
-0.5471997413945481,0.6735469171733863,-1.0,-1.0,0.5094804243099242,1.0,9.646565223448116
-0.39570707336459443,-0.1700036072255351,0.3923158277182007,0.76709150146337,0.3950567608933589,-0.4527534181133494,1.2889329156732168
-0.36083703961610886,1.0,0.29368862457868744,1.0,-1.0,-0.10248036904246516,0.43296257823511525
-0.6607305934818297,-0.5769048588414756,-0.13359819772662263,0.22138834390902734,0.15114902352221182,-1.0,4.064026015283975
0.26708066942763,-0.27478602005280395,0.7899256452582802,-0.5767808874548449,1.0,0.25714387600911515,-1.0094538970797071
-1.0,-1.0,-0.9967215744273976,-1.0,1.0,0.6540030568296813,-6.1830695006420555
-1.0,0.31132386409044965,-0.636642732859936,-0.8060409049787116,1.0,1.0,9.083158028576696
-0.32811494549114495,-0.3706129917724196,-1.0,-1.0,0.25419336885846766,-0.21956439167919584,-1.8595216161387018
0.9319208779588266,1.0,1.0,-0.178996984656706,-1.0,-1.0,2.353607918752354
0.9984080253911863,0.07467689219610607,1.0,1.0,0.09254162414433367,0.27879750036601825,-2.7446164430021263
0.10105057224429137,0.959857166750004,1.0,1.0,-1.0,-0.5675530597309795,0.3424776988697025
1.0,0.8811041615050942,0.6641088540214581,1.0,-1.0,-0.9754318668667188,9.412894709860359
1.0,-0.29779805277369314,1.0,-1.0,0.32659578294953984,1.0,-5.716244493651216
-1.0,-0.060259780288416,0.13845307230148016,-1.0,0.23128668525124338,0.93537909078089,0.5902516406360656
0.5371360236734879,1.0,0.9596257034163158,1.0,-0.8082215930853689,-0.0431868146091573,1.9561152580726395
-0.46331805978432594,1.0,0.5738502279162185,-0.13039030295695586,-0.21057752735662982,0.873739841229841,0.32748652253267224
-1.0,-0.7652602102537223,-0.4271383493644136,-0.04196011834055141,-0.2063164688835275,-1.0,2.5948046602454116
-0.08142424783309465,-0.1021796898376359,-0.5633954570421618,0.6801557933802279,-0.24709848259765677,0.5449134663052453,0.874057036294948
0.642819849540941,1.0,0.30447967507174645,0.4829782929856103,-1.0,-0.18489652349746122,2.3042676862452725
0.12328840519585471,-0.4305470061695084,-0.9291254129546036,0.8986648973804505,-1.0,-1.0,1.4864549288289681
1.0,1.0,1.0,1.0,0.18970449638138664,0.273791214012803,-4.74703774191195
0.42084593543976245,0.5384552522808572,-0.4422172961545931,-1.0,0.11055828458369787,1.0,4.706442077237842
0.3299842307110045,0.43829246351892437,0.4302767248458611,0.15306715009301092,1.0,1.0,3.098654755361694
-1.0,-0.8137203129105064,-1.0,-0.38179186056859526,-0.07638722062450753,-0.16087903822855276,-2.6824240418399725
1.0,0.08846377510706294,0.6720158395513821,0.8093979323991985,0.08970655629070678,-1.0,3.386073995393238
1.0,0.9828074910537368,0.7297993757602079,-0.624564680264927,0.10020926514218959,-0.7642303787868966,-0.2843150894343825
0.8633275143858654,0.8592432063783129,0.0049693821824292606,0.41211206657664246,-0.7981479656972028,0.507718539502171,2.750499696539771
1.0,0.0005067794127779912,0.19242156260683627,-1.0,-1.0,-1.0,8.320790760485142
-0.07279221234299643,-0.4191223406813807,-0.2939941569041935,0.41052735346245933,-1.0,-0.4182237216097149,0.4556033969798814
1.0,-0.33679793474285147,-0.6965608056866148,1.0,0.18712750800629985,-0.9405575248624543,0.21594277556785402
-0.1769564610366341,-0.8267942934046932,-0.9470575916305601,-0.5549922364927433,0.341514201861488,0.6263403707304055,-0.4232238352002829
0.4922725801584942,0.6457958168312314,0.8464328923129063,1.0,-0.3549793258649016,-1.0,4.107261339769724
-0.05887116084864952,-0.9702865673313343,-0.37361305317796645,0.20656904272735585,0.4711406941123206,0.9190322060966705,2.713074534371505
0.2443242443516035,1.0,0.4110645075765035,0.3894133732495269,-0.9693017249943239,-1.0,2.3107593887064866
1.0,-0.08387226609859388,-1.0,-0.5724263652335669,1.0,-0.33333746767720773,-3.8371720192726055
0.0015403794945259008,0.36363798496660804,0.32206974617553796,1.0,-0.4224546026891467,0.4267788121415443,0.019005748356824177
0.10368277646057071,-0.9939624663699711,0.7936855892566222,0.5901766245711388,0.14551776971438968,0.5227716878249491,1.1007269801385384
-1.0,-0.3524943651884658,-0.442425572110263,0.37264377053914005,0.1482139320576007,0.3744384272530159,-0.22552727232777148
-0.012690448255753828,0.18500959353272978,-1.0,-0.4962598215408869,-0.46312332503846676,0.09380246484185562,-1.137187470891118
-1.0,-1.0,-1.0,-0.4717619097021553,-0.08258556766097509,-0.5860669459021999,-3.0666230796778584
-0.6341607627414279,-0.45917857179138205,-0.18668565472231285,-0.08737021839112319,-1.0,0.024977275499847185,-1.8184790142913863
0.25718499114499815,1.0,1.0,1.0,1.0,1.0,-6.915433095289193
1.0,0.4374601096775429,0.1593338803254234,-0.17099242984225127,0.476806531992547,-0.4861860242160506,-0.5686419817845427
1.0,1.0,0.02216629910078205,1.0,0.12407737118864826,0.434285718659573,-0.09886386046166246
-0.47915588260778,-0.19297610321395886,0.25031711862931183,0.45878655785826183,-0.4688813171277601,-0.2801153422461221,-0.21226809668807592
0.998651396085343,0.1404721515961613,-0.06713056651490698,0.017022150005403025,0.0568569694871095,-1.0,3.907220480803396
-0.1386227070202517,-1.0,0.09045528448957219,-0.20678478540533596,-0.20330398768335844,-0.3699269454672165,0.4103368099150265
0.5998125869523734,0.08318251771071195,0.8504199529169474,0.09036153863998408,1.0,0.8339043063583497,-2.8625425308849306
0.08526503369127669,-1.0,-0.4360394952199296,-1.0,-1.0,-0.5063294223719659,5.994581896828234
-0.625759429076966,0.534326822054317,1.0,-1.0,1.0,1.0,1.1700367213452583
0.12212320753992634,-1.0,-0.9429752206474331,-1.0,-0.0012846910106244502,0.8359464803336563,-1.6566859343230353
-1.0,-1.0,-1.0,-1.0,-0.21307814754682075,-0.6775366513321616,-2.977039888661196
-1.0,-0.6406525082595536,-0.3485145282094382,-1.0,0.35890086147532363,0.9072867162036313,-0.8090630787513344
-0.7364787708621949,-0.6324005261293292,-0.519592787946554,-1.0,-0.807697311758961,0.1625418169165596,0.000591594235985704
0.4819364304700742,-1.0,0.8703930047382076,-0.45148170687029965,-0.4137480532934039,-1.0,8.60861079197306
-0.767634872943129,-0.8080447138182796,-1.0,-0.7104702545957764,0.4603935957867693,0.6111656830358458,-1.7178060048791788
-0.2916299506396356,-1.0,-1.0,-1.0,1.0,0.8551157081193332,-3.0789192104169962
-1.0,-0.0021960824607965,0.01920709364550499,-1.0,0.974136109422887,1.0,7.061898955729591
-0.5514783572454521,-1.0,-1.0,-1.0,-1.0,-1.0,6.2728710655299835
0.43055819608933654,0.08284337378057827,1.0,0.6714215457425634,0.852031195947091,0.7252514959255134,-3.499393507034204
1.0,-0.2010553760481042,0.6552725707720665,0.008204274403200262,1.0,0.2166793422338622,-3.914223434035157
-0.5179975300817565,-0.23618046949704208,0.3544351259700338,1.0,-1.0,-1.0,0.5210700507551912
-0.3523648997282145,-1.0,-1.0,-0.3286978210421292,-0.11370288836825423,1.0,1.1332931129244588
-1.0,-1.0,-0.1679747600234618,-1.0,1.0,1.0,2.247360603456967
0.9407230564987521,-0.28396180456430464,-0.1256197209812575,-0.08229770096291578,0.913943064398002,0.3688280368423553,-3.0661144127934747
0.3392663016038661,-0.4015652547207656,-0.6061372415261481,-0.39402277329144453,-0.36637078254178085,1.0,4.638119504347883
0.07911058662621184,1.0,0.1722599030517878,0.2647391865787194,-1.0,0.30619878077994855,-0.18865716771253505
0.354241976061069,-0.0042663743778161844,-0.2897332191674905,1.0,0.10863357076236252,0.5172985021568557,0.5198495989240306
-0.5044404349739122,-0.5679592407092324,-0.5625097567335575,1.0,1.0,-0.9152628364208829,0.9389571053164604
-0.6394775697727976,1.0,-0.7006507941675588,1.0,-0.34550396000714967,0.23451942810698545,1.3956886467174698
-1.0,-0.35505698192075386,0.9755085681288009,0.3242617862263657,-0.2795903238022224,-1.0,2.4703521476705483
-0.6344564019432739,0.5388349979108683,0.5302693553900497,-0.7541606014156725,0.979099403096241,-0.22130452732646372,2.058446428536707
-1.0,-1.0,-0.8449384772949289,0.2427071405598129,0.46930791253897064,0.05223922971864281,-2.972669189190578
-0.5940696693009213,-0.4787149977930427,0.8308873202765157,1.0,0.68903889716209,0.9146034113573117,0.18222114105114318
0.5833846036861323,-0.3058198649511392,0.19358885852449248,0.9454936337614902,0.8726735285154678,-1.0,0.24782776227047837
1.0,1.0,1.0,1.0,1.0,0.5941155243700648,-10.03778644713371
0.025040818574782797,0.008247516323067305,0.5916507816893237,0.5376710746287495,0.6598440122353233,0.5259833642666923,-0.467300035005514
0.2558840835845938,1.0,0.15080952513698334,-0.2777647065414456,1.0,0.17109242139157033,0.4815203049702046
-0.6238676124927568,0.4119817460317774,-0.14548997316189383,-0.9033656027627675,0.7083454521862342,-0.4233599963608654,2.4710618619141154
0.6259563268971007,0.05224327360474185,0.4266324386785578,1.0,1.0,1.0,2.0552739142053587
-1.0,0.2877714112855936,-0.9044304525676385,0.5584453887744907,0.5104615025220516,-0.32643084893425567,-0.8779684646534072
1.0,0.33182367729927154,0.6164310925202015,1.0,-0.836741420034597,-0.9877421936353714,8.848963521949159
1.0,0.020737136271988754,0.931658461724035,-0.4531594732206499,-0.0990406980102021,-1.0,4.262220926483716
0.8119530068247578,1.0,-0.4723501759228645,-0.47561629046350545,-0.48194654810400683,-1.0,3.0408036070599342
-0.18854584758232684,0.2505203137365583,0.5149979913581364,-0.0037494483690404534,0.8416134100539772,0.6652918380591313,0.5675750218722002
1.0,1.0,1.0,1.0,-0.3846565842134452,0.5927924389851531,-1.791167886515654
-0.7414072309353498,0.6749626364084746,0.8225578324491991,0.1761314211453154,-1.0,-1.0,-1.55402876606328
1.0,0.010640490794854962,1.0,1.0,-0.11112766715737799,1.0,-2.0805594770931335
1.0,0.6396199491152066,0.8503417000649232,1.0,1.0,1.0,-4.705475191562105
0.9798829916555243,-0.027046119507363076,-0.90804532739249,0.5685743013974006,-0.42135529407868216,0.81698550916812,4.038585131270993
-0.3087359343852174,-1.0,0.40046506464345266,0.48084966714243826,-0.9117145488031155,-0.7610346576667649,3.391112463398099
0.39040861220042755,1.0,1.0,1.0,1.0,1.0,-7.2101390310723295
-0.38732133673286095,-0.1726678512378091,-0.2792269099170379,-0.9419649943312349,-0.1925738439841445,-1.0,3.2315807689786054
0.30866077698431715,0.3682560720372723,0.9425660950457744,0.7262861410603064,-1.0,-1.0,2.7296056847694663
1.0,0.27031147376435083,-0.4509997464732667,1.0,-0.6638762690882576,-0.5489711360502525,3.0880480115312214
1.0,1.0,0.6628876901329046,0.5525029658423066,0.379915381138481,-0.5065010756333808,-1.628520264660693
-1.0,-1.0,-0.021773977927020516,-0.5114977011576105,-0.028912146328048838,0.29410071594447007,-1.4399645698968182
1.0,0.37091421237945776,0.20449605654435143,-0.027474271931271887,-1.0,0.7982455808528104,4.414414199278955
0.65542411950077,-0.21432545094841915,0.9285649308941459,0.28611385890915886,-1.0,-0.5623720738937564,4.102844158900917
1.0,1.0,1.0,0.05496783689547549,0.27006278483936214,0.4722481785524702,-3.5585152686503823
-1.0,0.4444322318295755,-1.0,-0.9416135594828258,0.737461963134123,-0.6982622735129747,1.758723931024333
-0.9101526637012216,1.0,0.3426511923531296,0.4331116149737527,-1.0,-1.0,-1.3546248842486894
-1.0,-0.19038990866354855,0.24569675474897423,-0.574006027888754,1.0,1.0,5.009796139312071
0.727570258283574,-0.378738004863596,-1.0,0.6156292374912375,0.3948091491979928,-0.5242672914711297,-0.9229668775508355
-1.0,-0.045677454448968424,-1.0,-0.7159094303829469,0.12852139674258767,-1.0,6.044067926115844
0.7529694334759496,0.8419390455391345,-0.1422034557079694,-0.9636452802373756,-1.0,-1.0,7.635450598320297
1.0,0.19958729998113506,-0.09479038259494887,-1.0,1.0,1.0,2.4941541453662666
-0.8396779689406066,0.19160419196072187,0.07413306250115001,-1.0,0.03631197889024157,-0.31848027886820157,0.002528749399352659
0.1855591023475081,0.11699789488587145,0.9272860324892627,0.6537148881015239,0.15772831293378503,-0.38336133727466765,0.9709225863317735
-0.6601923819735377,0.4901060561213434,-0.032509203864167224,0.6395758535902538,-1.0,-0.7836702245368351,-0.16151703107468
-0.3071775091250065,-0.11720283616547164,0.5891609568735253,-1.0,-1.0,-0.770320777117355,1.9702944053347835
1.0,-1.0,0.06833310245747792,0.38211356146993386,-0.6498463764948631,-0.3719502887154154,4.479175706706687
-0.12968534561879996,0.0756416698561802,-1.0,-0.2402146461707432,-0.4462828916831323,0.47401159619360833,1.3757530418838093
-0.9580061255330166,0.6446940475959405,-0.8533085452491262,0.5993849213023343,1.0,1.0,10.852791914166266
1.0,0.3706796766953274,0.2623043652881835,-0.05128798575085125,-1.0,-1.0,7.136934278038852
-0.024496703334069114,-0.1134520984811469,0.39268379743737014,0.36656801515589377,-0.3698019750984455,0.7810109741701117,0.8711468975661439
0.7861820682084939,1.0,1.0,0.11869858682345047,0.1807965890031741,-0.8409140569810366,-0.8994506433039567
0.07540904298680073,-0.16316947124812065,-0.5027571802461127,-1.0,0.33104486486886964,0.5126073654097574,0.8309819980830899
0.5736641946017877,-0.8784441352162775,1.0,0.6658148188190358,0.3504558779048583,1.0,-1.128763297328173
-0.34736217438130756,-0.26453192394766606,0.4734047184477702,0.08713384417600123,0.02038044821139895,1.0,0.6875789182764735
1.0,0.9963327543683997,1.0,1.0,-0.25475019688364614,-0.2159941146375186,0.17406165674361826
-1.0,-0.19726731928792351,0.3180839655273211,0.3319282231319656,0.7254606382711417,0.447571656979169,1.8308531830085826
-1.0,-0.19960780721777827,-0.6235007932888128,-1.0,-1.0,1.0,3.7520173408458586
-0.8983240129738466,0.661500980545619,-1.0,0.1729925307451267,0.5129240600018099,-1.0,7.0900109867055
-0.9640843063888931,-1.0,-1.0,-0.6582327479531542,0.669238731853272,0.31839569587350747,-5.464337387047488
0.8484452382334224,1.0,-0.06745669922964509,1.0,1.0,0.4126676202797952,-1.6483272891365899
-0.3543035009671837,0.7228207106827358,-0.7876568352773538,0.5824920173676948,-0.8872760694903875,-0.13294476859305115,-0.1339230466326244
-0.020620766157401868,0.4165106253143652,1.0,-0.13557944808166703,0.9610529813280856,-0.049363266683899065,-0.6018311540752329
-1.0,-0.30301479508826556,-0.4521573273112631,-0.42467562317833146,0.437506256559359,-0.988605953392681,6.203746349574438
-0.12889343339321724,-0.2500843682675232,-0.5320284382822398,-0.3543404822673274,0.0374117099278275,0.19251019115591483,-0.13661532114401392
-0.8067988341060139,-0.3599071847223687,-0.26205088898788276,-0.8467530850836946,0.2240429390946304,-0.17039024172467893,0.8317223491401035
-1.0,0.5874912241113428,-0.09422788059720122,1.0,-0.6351017934128331,-0.7398835636315324,-0.2781185497696258
-1.0,-1.0,-0.02426322105230222,0.06706143283249999,1.0,-0.7002377256135269,5.040908454446698
0.4185355128938491,1.0,0.21407422850197896,0.9989647368192832,0.29085657081833455,0.7016577156851955,0.1188618746779666
-0.31697049814326617,-1.0,-0.8681139464107037,-1.0,0.5968589267005486,1.0,-0.44822601583433597
0.4969887665054796,0.7832271326435601,0.5963754020198505,0.8081618624828631,0.6400724934746206,-0.00945396530855136,-2.331472134011098
-0.5364722127744547,1.0,1.0,1.0,0.392533003177949,-0.6813446656688736,-4.143880588583465
0.4209810682521239,0.09560513781261964,-1.0,-1.0,-0.6829250395609394,-0.9081348185144629,1.2102448155089336
0.7997722377329157,-0.03850695009020644,1.0,1.0,-0.4229208694397869,-1.0,4.533776897186996
-0.0636094955531955,-0.04112532493677959,0.940195339796694,-1.0,-0.7471248002104959,-1.0,0.5137690409485227
0.4921151877426131,0.1076540241987376,1.0,1.0,0.8357946728456565,1.0,-3.67524972280923
0.3584684099288403,-1.0,-0.6313917470900869,-0.6970847598826428,0.5392550329531766,0.35361096995568697,-3.5197780808200725
1.0,1.0,0.36281012581531735,0.9958512185690502,-1.0,-1.0,11.647802170706997
0.8015607743472183,0.11750009583853258,-1.0,-0.024057017397466744,0.41962776981196986,0.05606741589118375,-0.374277487492633
0.7231330773484617,-0.4942161212070857,-0.34938510035385834,-0.64744761916574,-0.2388806707092233,1.0,2.0948180329830692
1.0,0.6594063327899455,1.0,1.0,1.0,1.0,-9.143372573583662
-1.0,-0.6945159794129439,-0.5601775522633416,-0.9432355233710024,0.8844717375316496,0.07805355995347305,-0.5393767649496864
0.3134188302565324,-0.65880480298187,-0.1865592781553645,-0.3150343403782674,-1.0,0.5294192635331383,1.9789312679970847
-0.3479188191852538,-1.0,-0.07119249423736462,-1.0,-0.413607043892948,-1.0,5.442911018078193
0.5141664105821022,-1.0,-0.22850771238999978,-0.38607830969992896,1.0,0.9563933685866601,-0.5250599474392964
0.7637424919933291,-0.5196034755538762,0.8234867805434877,-0.5710314185556109,0.9918116899415139,-0.24331899829876946,-1.811640888925983
0.4684216290816128,1.0,0.8923501950395057,0.6336806803173727,0.37763257176292114,0.011944597951917324,-2.8837320969508986
-0.3128347341369552,-0.8508081622123722,0.1051097958913273,0.5572143992260123,0.11581287952250685,0.32449733121819824,0.5511410964166821
0.9991006574531194,-0.8265661768885282,-0.6390334885296407,-0.20784421691209615,0.7367923092860593,0.9918461668222733,-1.7859332903878244
-0.07717050358453847,-0.9824940261041136,-0.9435615467676339,0.9589089180874943,0.6213450023120001,-0.4073437127182773,-4.402774695288742
-0.8415025345452198,-0.4442739236356585,0.04120588775895567,0.6293912262750861,0.19630573792017114,0.05996140656080168,0.7863396363933326
-0.39207378601009246,-0.8915256576385435,-0.9806614912192833,-1.0,-0.6123513824049721,0.7133966536182622,-0.1805795823711161
0.8677850934528714,-0.007646767271641097,0.37470920900367377,-0.9836378114046432,1.0,0.8920725648607307,-0.1227279965085854
-0.6612923141427183,1.0,-0.4494017351638283,0.4155079751545603,1.0,0.008298110728025831,5.098413279287974
0.45251603822903647,1.0,-0.8049851274125477,0.749133144697902,-0.007482136367014114,0.43269087016965846,2.0017183690991276
0.4011126755132189,-0.44574155681799416,-0.13313522075085776,1.0,-0.05359925228276832,-0.46458082588623534,0.39712299575398213
-1.0,-0.19354107843554735,-1.0,-0.04857673638946913,0.05095172099545678,0.40192414944122756,-0.0030439120974488088
1.0,1.0,-0.10973850395191825,-0.6376673271679829,1.0,1.0,4.774830035173637
0.8675092808654266,0.673345643896563,0.8048423693681329,0.8548308126779669,0.35874400658838457,0.18539525666283863,-2.345999959163093
-0.8253353452825942,-0.9461449763532381,0.8286505820354252,-1.0,0.05069888259902933,0.4735880257245149,-2.4834626221446627
0.0035299755679349676,-0.44200061449292277,-0.9185387184236931,0.31856857938641814,-0.025834063173285404,-0.017278980580006653,-0.13968715606249132
0.0033404387046235065,0.11614472866672704,0.45488252757293046,0.9734466321371085,-1.0,-0.3429363866373687,0.3279612821326245
-0.9811758778065991,-0.8656586804045667,-0.27020096397306015,-1.0,-1.0,0.8587161463391688,1.7082972081375067
-0.9922258601404916,0.43690406293762746,-1.0,0.10128243901643413,-0.7976282871092442,0.42398192568696935,0.28092892640894573
1.0,-0.12352989351001814,1.0,1.0,0.11180499591507687,0.32263707380754675,-2.627839484213492
1.0,-0.12381252613159527,1.0,0.5437945021839368,1.0,1.0,-5.644180603789806
-1.0,0.007550147695161824,-0.2802132302391387,-0.6123139283625862,-1.0,-0.5908272322238515,-2.2487761276421536
-0.24320320908512616,-1.0,-1.0,-0.13570980491610118,1.0,0.856107592862914,2.401413120678951
0.6083249784155765,0.1967177144724639,0.8139298748674941,0.947840416472333,0.33352082037514075,0.2587879479150459,-1.6746799860120618
-0.7085497682181597,-0.848251604958876,-0.5814229931469954,-1.0,1.0,0.7380499856917866,0.9738036898430913
-0.3552874494611093,-0.8366741045833792,-0.7430089142200159,0.8282803837813972,0.21562148239670154,1.0,3.9816761364065933
0.9622929717461799,0.2367496104461141,-0.037793516338050615,0.11801607252273183,-0.4255805228682008,-0.9070835060506135,5.782058891997186
1.0,1.0,-0.5278018525327957,1.0,-0.2448179208938821,-1.0,7.711511382712634
-0.05937360584944096,-1.0,-1.0,-1.0,0.27027074717643873,0.8249219943325081,-2.5739725284910944
-0.6260680745217311,-0.9745215858470528,-1.0,-1.0,-0.8799132025652332,0.37622811049132476,-1.5292323136209296
0.3904340153621624,0.4602799265011107,0.15096241736151061,1.0,-0.1235778857589297,-0.8185055581402848,2.4447417958011517
0.4818037338820942,1.0,1.0,0.410794334229152,0.5098114935310646,0.3569602112994753,-4.429373447465617
-0.12681494664969972,-0.7913025188517786,-1.0,-0.40020398946043334,0.0860468827994097,0.3865995338353787,-1.745892329164076
1.0,1.0,-0.1449415688746958,0.1404626373530985,-0.6725582688779292,-0.6632967028300132,3.8762785983600274
1.0,1.0,-0.5592406201156301,-0.4754536387550918,1.0,0.8083559256004258,3.0847255985354898
-0.5901079390563024,-1.0,-0.11616092082108415,-0.06775913605024458,0.3060404545714168,-0.008497320618931575,0.6025891832197127
-0.7848034740624923,-1.0,-0.004603006548666411,-0.5157144549604973,0.3494692688063217,0.9547223546331252,-0.0006198365673937486
1.0,0.7533399878776499,0.058935778750496715,-0.730233978603521,-0.37711534844026817,-0.6309023168690986,2.05596365976485
0.23206444396707604,0.30302480117587227,-0.010425203110273173,1.0,-1.0,0.8493424861120431,3.2873442538372624
1.0,1.0,1.0,0.6497614302720738,-0.41666741821270403,-1.0,3.375819751324696
0.7758254312787651,-0.40279902781493604,1.0,-0.21691663931872585,-0.6677212269785555,1.0,0.8790853944489605
1.0,0.5535038521495583,1.0,0.9885461686934719,0.42049968977484775,0.4935755652130829,-4.022402368464409
0.8358805571907576,-0.813649862782281,0.5378274481833537,0.6414803071261155,1.0,1.0,0.1555196290057021
-0.38579533701021473,1.0,-0.737158629373886,0.36695945374965705,0.3331015128231065,0.7129277952296342,4.891346445546994
0.12298493495416762,0.14126206773786829,1.0,1.0,0.9488426080617758,0.1896182923584584,-2.4890441788340567
1.0,1.0,0.9401512088002009,1.0,-0.42936583657288374,-0.9774353645901591,6.176208858286299
-1.0,-0.7679045135263126,-1.0,-0.9147344562226647,-0.4583580845797992,0.506413793988173,-3.7303795869471075
-0.4162053288130376,-0.8043103215045441,-0.0376946053567353,-1.0,-0.42267814367338274,1.0,0.3331104035296108
0.7560134769820299,0.18082047310633168,-0.09987485788553765,-0.6557355767037703,1.0,0.9986536884661849,2.466029387488843
-1.0,-1.0,-1.0,-1.0,-0.22235583505861511,1.0,-1.6184583666168533
1.0,1.0,1.0,1.0,-0.4297172999565077,0.429195148951048,-1.2732556597017015
0.3056940992929109,0.6244651569638813,0.10467731262411228,0.811339019625221,0.1589178241842507,1.0,2.8730045976195218
0.4624432888661192,1.0,1.0,0.3851573538232109,0.005028268049983742,0.7450120203124235,-3.735562067861752
-0.2800595005769438,-0.7113376583831765,-0.14042409254824173,0.2552973002979717,-0.8158270753766095,1.0,2.3195167708589786
-0.8000318126572188,-0.8914449684032215,-1.0,-0.8588771279929135,-0.13185507007539898,-0.4651541135675843,-1.404840426128644
0.3306282877917597,-0.22019707826645413,-1.0,0.05105819951626202,-0.8511478090257225,-1.0,2.159647065071731
1.0,0.5156804511344666,1.0,1.0,-1.0,-1.0,8.60418058972971
-1.0,-0.8603046635848522,-0.1824536591992046,-1.0,-0.06892106746490023,-1.0,3.9048443268173747
-0.08584437696287495,-0.9140519568865249,-1.0,-1.0,0.7063660535277216,-0.588348616611855,-1.2460290029821706
-0.7575675683696569,-0.3866374679336275,-0.7057900289201329,-1.0,-1.0,-0.7607064852663741,1.4052328205971816
0.23404785666676398,0.1393765915258136,-0.1091727698568512,-0.3481546658124661,-0.5628353481908895,-0.610955194051327,1.1892610616099124
-1.0,-1.0,-0.8173690800548171,-1.0,-0.26168718194548396,0.1260588636477416,-5.9740060577001195
1.0,1.0,0.6616467347336112,0.4156893455606465,1.0,-0.2698868193708244,-2.526851722971504
-1.0,-0.35754828733058597,-1.0,-0.17858511035556868,-0.3050676514035775,-1.0,4.863493765861949
-1.0,0.0860602056013024,0.08694390295812038,-0.1882269787192663,-0.011906263618920221,0.4740965465879899,-0.6973993363723257
0.6682537557870741,-0.6690464716274718,0.4417115799374345,-1.0,-0.30886668656683114,1.0,2.349727286278049
0.8082579357567402,0.6089171674309681,-1.0,0.5233677555556335,-1.0,-0.8817824818493429,4.298134986469047
-1.0,-1.0,-0.16016335776893809,-1.0,1.0,-0.040517091262595964,2.475723287939753
0.569198063137587,1.0,0.12657813026183162,-1.0,0.17971225972068383,0.5477352188348603,1.8874321389656759
0.20977373754682363,-0.824965503204942,0.010031819513059814,1.0,0.14932279067527143,0.5541856028272887,1.5337821351909051
-1.0,-0.9586896208359017,-0.23804710012507263,0.09532243465960999,0.766688065149002,0.6313432451206541,1.925091866124496
0.7377683155591863,1.0,0.10930700454131226,1.0,-0.6846291902118908,-0.5383583345638872,4.594976497947122
0.3392484667291976,1.0,0.13511395331008774,1.0,-0.6054340933543434,-0.8465449082181165,4.493211776575749
-1.0,-0.7621206866645003,-1.0,-1.0,0.15641364757502163,-1.0,4.185007544393805
-0.6556249300301119,-0.46044201317893424,-0.5326382233120909,-0.017390798966436916,-1.0,-0.3075110920998727,-2.483605496490048
-1.0,-0.35637404487177027,-0.44699501336509706,-0.868469055681476,0.9261508928110084,-0.13793928058075394,2.846568899653752
-0.7235365753711163,-0.30871906127582815,0.0846341422327449,-0.43698167782501496,-0.10498545524355873,-1.0,3.876651988829856
0.46832756732647196,-0.9147423051788264,-1.0,1.0,-1.0,-0.6601317114538847,0.20647049613108753
-0.4545918467687508,0.20833293692299237,-1.0,-0.3170527922999241,0.6492177510716062,0.0336360779939775,-0.5841000264836824
-0.12387207917035403,0.01062111433069246,-1.0,0.008588481373562495,-1.0,-1.0,1.1992166372300859
0.7283497573199159,0.2552698400774278,0.9106556682858775,-1.0,-1.0,-1.0,4.719878916236611
0.017585608470181646,0.8018047931037224,1.0,0.8079935052301987,0.3002369717879979,-0.38493285977155955,-1.0866532779975362
1.0,-0.04594432439448631,1.0,0.15659936222115636,0.5411497120095636,-1.0,1.449670798516491
0.833558105095052,0.28008821827997316,0.24998653690759537,0.16311784059118398,0.34526532772809304,1.0,1.9999073896900355
0.05677898233619305,-0.8827553048987449,0.09910232789425921,1.0,-0.2514219397118482,0.269473903553341,0.9929307967406092
-0.5304894236304245,-1.0,-0.9785774858673926,-0.8970930247543283,0.9310217327902388,1.0,0.6662469921395551
0.5076359220761193,0.6983824777743124,1.0,0.7863842999933903,-1.0,0.7973719245735212,-0.22799752053603223
-0.37171113942215983,0.47232067271964545,-0.12324573487071028,0.6229504493593304,-0.29712460135727325,0.893528782268731,1.556911107360722
-0.060790233334892946,0.09484325476071737,0.22269055212388691,0.30369599031039207,-1.0,0.5593337593421379,0.8446988543741188
-0.7846321121623547,-1.0,-0.6213143419921517,-1.0,-0.0004554394634518899,1.0,-2.55294312255114
1.0,0.526035253166383,1.0,0.6241520011645862,-0.287228109940326,-0.5074216787793318,2.4398404034496037
-0.13938353383950705,1.0,-0.44953306210173033,0.8934997252320062,-0.019797447613091032,1.0,4.481550659540847
1.0,0.2395259522970905,0.48445386995325407,0.7744582931829272,-0.6318574280468618,-1.0,7.115999510866621
-0.4399001493644358,-1.0,-1.0,-1.0,-0.5833652801871686,-0.684147143062603,-0.3723225621711653
0.42385298974390784,0.6269314750750945,1.0,1.0,-0.8570880788859694,1.0,-1.7877008516560702
-0.0788702453029837,0.11895707518786791,0.9563335273547838,0.3603623834757609,1.0,0.13187897888999056,-0.7065660574451491
0.6591101264960901,0.3564972740162276,0.7924006548252227,0.5440720934330534,-0.8799224731853202,-0.08081218628580589,1.7707567411998135
-0.7215324947502171,-0.157888468109884,-0.4847132643989889,-0.23958060137745996,-0.20511794447493625,0.2688776579346675,-1.0197996846458461
1.0,-0.05612009834037057,1.0,0.975453615235888,-1.0,-1.0,7.674852294193378
-1.0,-1.0,-1.0,-1.0,-0.022088809190868863,-1.0,2.035700239635334
-1.0,-0.6760016390332387,1.0,0.7768441825277287,0.17554998757593787,1.0,-2.196578090857528
1.0,1.0,0.5456425613096687,1.0,-0.18849925736707127,-1.0,6.61721829161343
-1.0,-0.4705189066211918,-0.4878874013235208,-1.0,0.2567802562419893,0.6503030896134818,0.06406350348244072
-1.0,0.7115587123385515,-0.32270520237559325,-0.22523091760353725,-0.49250631946050655,-0.27178159481618336,0.26483133776139023
0.3776532543016637,-1.0,0.3687617995570508,-0.11770779867092551,-0.23109308175266452,-0.29510346931370335,2.580518664898002
1.0,1.0,0.9441953908629113,0.47550345377559156,0.9848156788149222,-0.4239666681273203,-4.062505566880967
1.0,0.4922789443996626,-0.2492168909501099,1.0,-1.0,-0.3427380771594164,4.579109396663336
0.20668580580006468,0.3901260955429863,-0.21170074095575642,1.0,1.0,-0.6109925286276524,-0.10404059723486087
-0.5850289517604423,0.5927720819257758,-0.4526149486950425,-0.01938469095103268,0.8249100647649366,-0.028246613751865546,1.084373181689117
0.44256227479353605,0.2991374862800256,1.0,1.0,-0.36209304090508915,-0.11786711593618276,-0.4416379245597848
0.9051292143382106,0.577755039465022,0.6742118962098029,-0.38160952770929585,-0.6094802273245952,-1.0,4.93335846335654
0.9746181419139354,0.8264078527979112,-0.6460386774038593,1.0,0.48937374405227785,-0.27771735282696697,-0.9557884153860953
-0.8783556468826598,-0.77657785287783,-0.3099454785584557,0.988884268279163,-0.4023832271132352,-0.8864418968892325,-1.2019657828451593
-0.5691974439246306,0.08156517503855498,-1.0,-0.3072780412199232,-0.17039783142646903,-0.09368348220847464,-0.4966377278065994
-0.6593750410726152,1.0,0.48208639430936606,1.0,0.9076894236634647,1.0,0.10808732769527679
-1.0,-0.7575670208500264,-0.7476104369117378,-1.0,0.16308102947055522,0.24335824003845274,-4.0882695086285255
0.6675386195341572,-0.3888920797940698,0.5301194130227318,0.576423824102849,-0.8331853947319756,0.11728781406203548,1.711122987630064
-0.8429412389117894,-0.21739147974066408,-1.0,-0.5669866889870618,0.36804460107451037,0.9882620134014122,7.102552774181682
0.09184409911189995,-0.36965358769573053,0.2883137371744695,-0.470385920242558,0.3921828417814206,-1.0,4.499808467984296
1.0,-0.03136745213514617,0.011242315668495512,0.7655973666186451,-0.1664324157447018,-0.4708582589939405,2.1133794287446976
1.0,1.0,0.6213916925350553,0.08065568576615001,-0.1316656327251683,0.3491738515064724,-0.5926638194013377
0.6730269901091447,-0.049439297096354584,0.7446698496482682,-0.2763918380836707,-1.0,-1.0,5.6268089942909505
1.0,0.3842671721244695,-0.17414967434048917,0.5570770155897651,0.8113262988605701,0.6533686251930919,-1.920565302727344
1.0,-0.29216627075109103,1.0,1.0,-0.7369626280893319,-1.0,7.851857582063797
0.4404705569773861,0.30360884408878275,1.0,0.7406768821526803,-0.5013458079178672,0.6994497652859676,-1.5875555649064659
1.0,0.6686749178322677,1.0,1.0,-0.8684985509748924,0.041435551645872315,4.0055934016112
0.6919740676486972,0.06801380126819112,0.2600011451467693,0.17119821128850177,1.0,-0.3942567064107595,-0.939641895735026
0.44635975602507555,0.9740277069763841,0.8758637285321551,1.0,0.5009731869713838,0.6768212798870257,-5.2868348990241
0.28934165125429945,1.0,1.0,0.15534680507321785,1.0,1.0,-2.21871646478375
-1.0,-0.730224356732359,-1.0,-1.0,0.54732271225092,1.0,1.6471654819871904
0.318410319224415,0.1865496860817526,-0.917432175798091,-0.30350654098472785,-0.0064364726659191795,0.1595112970991175,0.575299791398761
-0.6362968968628601,0.894477667276643,0.028843690531135335,-1.0,-1.0,-0.5425054960813205,0.8427413266065082
1.0,0.22673653903994073,1.0,1.0,1.0,1.0,-6.576732733418241
0.716768971738112,0.2398152242602808,1.0,0.6492410898588885,1.0,0.2398088654924505,-3.3528500389653892
-0.5271182356226507,-0.5996910226271273,0.824645007883143,0.6524696312423094,1.0,1.0,2.216861457837468
-0.1620604760871942,-0.10043431114758872,0.5746537949356768,-0.9797319281449851,-0.3917874730172517,-0.9090146818014009,1.6823648231891912
0.9914866913315848,0.40264188242530174,1.0,0.6216910416045021,-0.7350916868019124,-1.0,5.995110163712118
-0.22504945467537163,0.23522664887556943,-0.47618059056152645,0.4362486589532292,0.06895223000309336,-0.3110049240742834,0.18236758625156724
-1.0,-0.3740501873061337,-1.0,-0.6753977529222313,-0.3377835573577517,-1.0,6.080318169601551
1.0,0.4931270607494844,1.0,0.554995194673708,1.0,0.47313217655602513,-5.544985374781343
0.3386039118741053,0.741855032912243,1.0,0.5625821271398392,1.0,0.025110579135323566,-3.1751802126419273
-0.375431737647804,-0.20957946478150058,-0.20730225662814283,1.0,-0.8636447674680733,0.5139005818424881,0.03815487486945979
0.4320325569719506,0.8633844184123629,0.22597241303461885,1.0,-0.9653288033396485,0.2580799571046595,2.4676509916799
-0.8710603641865591,-0.5217791759920811,-1.0,-1.0,0.1891906594219811,0.23531265629675047,-2.780890000360888
-0.026642216651492134,-0.9387447456646711,-0.4729783036616548,-0.5474824238228174,-0.8010003696087786,-1.0,3.1341121360576834
0.0005457737715361816,0.5594160861394829,-0.7319175558431088,1.0,-0.9307007226685247,0.0413860991637367,1.2960916085820133
-1.0,-1.0,-1.0,-1.0,0.5109082418966394,1.0,-2.862230122477665
1.0,0.9344047640628812,0.7273925415940388,1.0,-1.0,-0.19442455313910556,4.3647372537020095
-1.0,-1.0,-0.806722387392149,0.4795192163706682,-0.13160667057592623,-0.6232091068780641,-2.397551494791233
0.2632841725440549,1.0,-1.0,-0.8229621650379427,0.1941276777726051,0.8307728862418933,7.9123668249045025
0.6166015634523914,0.5386588440812807,-0.5136983739254612,1.0,-0.6208480563643368,-0.7920160786775663,2.876900726766544
-1.0,-0.017245220863439104,0.036479702474424835,-1.0,-0.10488442206894733,-0.9024162452476931,2.581210936418404
-0.7380761829816315,-1.0,-0.41300408508372444,-1.0,-0.9939397698430119,-0.24871985137566988,2.246448882741328
-0.43753438736078853,0.3939627508665649,0.00812602982941446,-0.9998177316361273,0.8460698839167848,-1.0,3.7483686705903154
0.5665853665259406,1.0,-1.0,0.43993372682790477,0.15034545256677712,0.3030802846919374,1.5676509660368327
-0.05034623501866142,1.0,-0.3506798785842742,-0.44534903808336657,0.25017085614510925,0.7619968312158729,3.704408107324676
0.5171293267834918,0.26527477139803324,1.0,1.0,-0.16178199415411348,-0.34036526141281354,-0.2273072023762222
-0.4778636039032218,-1.0,-0.5543192245251024,-0.1359981464526141,-0.29165071328374736,0.4946766935399868,-2.6519564123786648
-1.0,-1.0,0.3900974749492461,-0.17242140278728568,-1.0,-0.3019233249166773,0.5697417619847045
-0.03160474246237013,1.0,0.5699770091180307,0.10592104943709894,-1.0,-0.956035609475673,-0.3066043748785758
-0.9620267471156642,0.4262584810097841,-0.10604100933215421,-0.2567820679271,-0.5928428587950716,-1.0,0.4377288554363057
0.5985710955681438,0.4962963356734483,0.6448675517001508,0.02211022302492205,-1.0,-1.0,3.851173995105763
0.8223573824215039,-0.37533165297486215,-1.0,0.8279978175315339,-1.0,-0.4043282582355401,3.2490000118666598
-0.7468034389598454,-1.0,0.25137365900916975,0.09086857336318493,-0.4366717123799462,-1.0,4.374028994939408
0.9286161192131548,-0.06981528184780622,-0.7800584918402456,0.2732555282918785,0.6477821817927372,1.0,0.9679688112028992
-1.0,-0.4798870757560527,-0.8395736785371819,1.0,-0.5437696984675193,-0.2709932042069696,-3.2415729964620743
-1.0,-0.029702996048640684,-0.8354243972652042,-1.0,0.12402451865030606,0.46193424956765605,-0.7142900895799639
-0.8401084015595675,-1.0,-0.6838004423035007,-1.0,0.418575598637707,-1.0,3.9362713053481246
-0.4805750662198771,-1.0,-0.17134744328271856,1.0,-0.5071404441492897,-0.48129784895486283,0.410371399409573
0.412255485105433,1.0,0.2769974086799767,1.0,1.0,0.0994634443963148,-2.397008300189665
-0.6527832965525452,-0.5975820522171635,1.0,0.20726652220096176,0.15437752571165053,1.0,-1.4857768891329501
0.07957912831003333,-1.0,-0.31076223615524035,-0.17747362454441973,-1.0,-0.8510153447600137,3.2124275837451712
-0.23141335279498892,0.7808332549031662,0.2906944849403823,-0.8244014677010029,-0.4978614942483271,0.3495469314929681,0.744467697223279
-0.4475627835512237,-1.0,-0.4763642123481733,-1.0,-0.15152216231103366,-1.0,3.509907815227603
0.18099386738401207,-1.0,-1.0,-0.9356619392228556,-0.6908698272536102,-0.2776339481787087,0.5963795362071792
-1.0,-1.0,-0.526828760897472,-1.0,0.45689586990008113,0.7293591259162029,-3.468321101165312
0.5712575097909406,1.0,-0.6259634010421894,-0.4092355388595549,0.180210519023609,0.906704087800916,5.291096969420254
-0.14904857723557452,-0.17828936074171547,-0.16885269306976602,-1.0,1.0,0.97038401091346,4.4334389574562
1.0,1.0,0.38912472354906225,1.0,-0.14030390597938436,0.7693223265492433,0.8613631449975067
-0.21232293520459034,-1.0,-1.0,-1.0,-0.4414376477173556,0.25908137312229185,-3.4219485239236707
0.8853143563463101,-0.4673292793337372,-0.2183085575914948,1.0,0.4310217526813888,-0.9964149983548507,1.9557174165053384
-1.0,-0.9162939985143435,-0.011710645236096884,-0.8676362891227667,-0.23012967512987437,-1.0,4.112291458305251
1.0,1.0,1.0,0.9070581027219395,0.07617282490710942,1.0,-6.041928755809634
0.10994419184568309,1.0,0.6865313817365302,0.8378113476959832,0.318881691967993,-0.027159646797700887,-2.0199001679180784
0.9546026167378652,-0.0436865231020539,0.9294471623887799,1.0,-0.6944637727376612,-1.0,6.109904329070151
-0.18875199518921293,0.05482969694010309,-1.0,-0.1712047266239365,-0.41397664941536133,-1.0,2.400050590508894
-0.34681652347246045,1.0,-0.4507528528182398,-0.14610496541736456,-0.5164932027072047,1.0,6.889087624837843
-0.6653072759405689,-0.6805871481121318,-1.0,-0.06843249851346395,0.1309942510593245,0.9826714381187736,4.23660682272809
-0.371716657527829,-1.0,-0.528404031149178,-0.07408296007476722,0.9514838198633997,0.496784933248187,-0.7855016523939383
0.48945461152910463,-0.31610717679180783,0.02405615340826464,-1.0,0.14943999979772848,0.7256550117895753,0.8629318943288509
0.9418822396827147,0.05370304961059269,0.4596434954930939,1.0,1.0,-0.4495352367191563,-0.7893225551201318
0.08856181463802848,0.018807537409836317,-0.22300581801188496,0.3649028777316969,0.26421483273491486,-1.0,2.722517320617447
0.174502413593825,-0.5217476590367048,-0.3427522720200338,-1.0,-1.0,-1.0,5.2048817410885535
1.0,1.0,1.0,0.9926496924302886,-0.27550744230336754,1.0,-3.6561637300334215
1.0,-0.10110720045293842,-0.40935959072741107,0.4236132840551887,-0.4946540881051165,-0.9450884324432798,5.456563686756203
-0.05930315399866398,-0.21775342305676532,-1.0,1.0,-0.1361027574261136,-0.28318489910284667,-2.181853014280999
0.431174275486987,-1.0,-0.024906894933753088,-1.0,-1.0,-0.44455389594680983,8.789192127156875
0.10278846722508406,0.45215390217621676,-1.0,-0.17068779884860852,-0.32084402613318275,-0.5370476104836064,0.3240149818917116
-0.3142188292022646,-0.5888237782307788,1.0,0.6345351061600706,1.0,0.6903474583640363,-0.08159068611247167
0.9115355339193891,1.0,0.4479156681558074,1.0,-1.0,-1.0,11.853019340688338
1.0,1.0,0.30567742165729284,0.539711106936478,0.5988335112905068,-0.38205552067342063,-1.6448546030650297
1.0,-0.19600102598809577,0.34428313101257024,-0.2102139207512827,-1.0,-0.016979991631705493,3.7832634691699427
0.7555698967889944,0.458635277172722,-0.13455292475334693,0.2980981638554431,-0.1060522504372759,0.6052717686334443,0.7349291226723405
0.25176807846451854,1.0,0.6753070776553538,-0.4256516533672151,-0.9611808725218661,-1.0,0.07454492039501143
-0.2282885168337593,-1.0,-1.0,-1.0,0.33482910636557417,-0.45497832556565077,-3.7294793354975857
-1.0,-0.2821649145419804,1.0,0.33811312551378464,0.0790034134590851,0.5363578915092891,-1.7536037173499188
1.0,1.0,1.0,1.0,-1.0,-0.01558778959453222,4.727101067370614
0.7612903564073499,0.20819763995526852,1.0,0.4161089780922589,1.0,-0.17977013702520916,-3.258149811564749
-0.8395014626510184,-1.0,0.8018982212548259,-1.0,-0.5003105694069464,0.4796090654433026,-2.179308831710009
-1.0,0.019042757186565895,-1.0,-0.7602595873352331,-0.05819930640824311,0.11489526822864936,-1.9179132008763369
1.0,1.0,1.0,1.0,1.0,0.6105550310129995,-10.960153258308662
0.6191486930275718,-0.1382960886581651,-0.15346018131316685,-0.21916451151538385,-1.0,1.0,6.543205606607432
-0.2488729334650358,-1.0,-0.4576364109938351,-1.0,-0.04813509341856986,1.0,-1.426601662347247
-0.3569026359827685,-1.0,-1.0,-1.0,1.0,0.7265438235946968,-2.7977904379827994
-0.9217684158316568,-1.0,-1.0,-1.0,0.8779763021359133,0.3380926676341318,-7.0941288690461395
0.22103066141377326,-0.877966442926249,0.4037233753197082,-1.0,-1.0,0.03998946193415609,6.378655868095101
0.31138442962086466,0.9195193830433378,0.5238212740067767,-0.3694405942962252,-0.5470054949123602,-1.0,1.1729531583309833
0.8483978682259388,1.0,0.7788309642878455,0.2231322739094786,0.5864382046788668,1.0,-2.6564522850236356
1.0,0.9178614460163945,1.0,1.0,0.5367885108082173,0.2729465145037187,-5.971131561552091
-1.0,-1.0,1.0,-0.3748534368552296,-1.0,-1.0,3.5525970175260895
-0.5177942607604197,0.3570403998825209,0.033238316491051134,-1.0,0.04144559123838998,1.0,3.173201215139513
0.9367312022068067,-0.5320703831588235,-0.8154896250270116,0.1621094469253333,-0.7772044858566494,-0.11741281170893925,2.5449625068507697
-0.28287108167841324,-0.6028471559507431,-1.0,-1.0,-1.0,-0.018315844719680285,-0.25430537301576317
1.0,1.0,0.4766216931826288,1.0,-0.22914407399978132,-1.0,6.616891685546433
-0.0438307202034931,-1.0,-1.0,-0.58973570353903,0.30315842855432185,0.3824816645959874,-3.963700634475098
-0.2170506282397564,-0.3771184271798238,-0.8545159300927965,-1.0,-0.409670770856421,-0.03772194173996435,-0.6531519220122494
0.4813504257382961,0.28340128034040707,-0.5182811092032635,0.4753181269374879,1.0,1.0,3.6723040296017446
1.0,1.0,0.6096406859550916,0.5679484465775149,0.40471285976847576,-0.6282545247959169,0.23445023819407562
-0.15233511910094344,0.7262373804834403,-0.2885034742047842,-0.9953697992859402,1.0,0.15322187795481068,4.0280861183737935
-0.8203304060820857,-1.0,-1.0,-0.5772949103022451,0.13456988551481608,0.07749422470157341,-5.23036480226455
-1.0,-0.4170201733572355,-1.0,-0.25963714556665796,-1.0,-0.3583259456044734,-3.4886133303039593
-0.304830877480434,0.2309347268881599,0.6375849984690445,-0.0643948469013094,-0.4546254865217536,-0.9377635849693253,2.985568170493287
0.040626601340358004,-0.5886937275363784,-0.5886911739489664,-0.47015446786855936,-0.10495237587069589,-0.08716875302464075,-0.9095262350634682
-0.3468118476413744,-1.0,-1.0,-0.5398303861735625,0.2675378933877518,-0.47027450516743863,-2.177953043851424
-1.0,0.07589245752907309,-0.31060133080488495,-1.0,-0.5346312002947957,-0.6265273156286757,-1.3032610393482686
-0.07335999464513668,0.23502955946677706,-1.0,-0.1189254870694153,-1.0,-1.0,0.6178579463256568
-0.4414670026340288,-1.0,-1.0,-0.1457480512175635,-1.0,-0.4858797236918748,-3.0608958221935945
-0.017117317818417077,-0.33154458586612096,0.7061062527495453,-0.766042498854014,0.4517155021347207,1.0,-0.2661274424497812
-0.43796974059727733,0.029471450895438234,-1.0,-0.403800987273915,-1.0,-1.0,0.45530537837605706
-1.0,-1.0,-1.0,-1.0,0.42371130287878156,-0.8086805275994707,-0.5871136740671556
1.0,1.0,0.833876479716503,0.31928830221687876,-1.0,-0.7714103069985548,4.174182524678684
-0.9544267094332437,0.14230243826887368,0.40685004316034734,-0.01489531779415304,-1.0,-0.29888545298394775,-2.5373558437124397
-1.0,-0.7907829823487346,0.3552226814189483,0.5422873790770644,0.7604760086310156,1.0,3.4920065826454287
0.6663008953506895,-0.9322591201185823,0.6618229112819483,0.4508890079584913,-0.35256871480796503,-1.0,7.347596586614233
0.22873249975682697,0.8648558575419909,1.0,-0.11174535595039421,-0.003555458982472559,-0.4583608716093188,-0.8129000554363328
0.5300178027450044,0.09943491739703053,-0.6411191719070171,0.11160016035844378,1.0,0.0578305435726264,-1.712791622798668
-0.6509556791731902,-1.0,0.7249061030570811,-0.5061137986895756,-0.045480357356993406,0.19212930029960693,0.44808678435830585
0.43819673434557316,-0.11984551036000501,0.24457033026572284,1.0,0.5420302311781782,0.6758217831621616,1.3014616295242776
-0.574757557528901,-0.42579880892557886,0.0347292445328653,0.431430796370052,-0.19269033801273583,-0.42023012618053857,-0.23424928616649693
-1.0,-1.0,0.0878301842369984,-0.3539566148670539,-0.18014752020082006,0.18062013394627086,-0.5323491118643864
-1.0,-0.3635213064760703,-1.0,-0.4592491206115939,-0.7682556381703798,-0.20033006000009923,-2.666458498033613
-0.05134672725488543,-0.7124523015780106,0.4558233600131021,0.40515854292660236,-1.0,0.5617634666376952,0.6256361988742886
0.5510250289666043,0.802322156810805,-0.10413667819672894,0.1474600732485326,0.3470488361884555,-0.8182201746460667,1.5039236324151255
-0.6698871338348199,0.20388360122932553,0.21416830097101336,0.5149319417887752,-0.7455215422706453,-0.08445974429682124,-1.1923615090380366
0.543076101369179,-0.3033945912385499,-0.7917408529612112,0.7189608822922862,-1.0,-1.0,3.909574948497086
0.37613259072377675,-1.0,-0.4457480804130844,-1.0,-1.0,0.3922259740788798,5.958786963969867
0.11480652021091209,0.6802426629835241,-0.1513134798867417,-0.40801483930740345,0.38759103605129197,-0.21046844285817423,-0.29637053465365987
-0.15553570219283586,-0.2992113145483717,-0.09973761826307914,-1.0,-1.0,-0.1051287518123245,3.1152211479465417
0.20232530357530976,-0.1966353108222893,0.5314698012545047,-0.33052404929465934,0.45588855803104666,0.1924885459387361,-1.2670244599957128
1.0,0.23710886317177882,0.7111912667977667,-0.15805942712364518,-0.8086534400936362,0.3990195854515091,2.107691818931762
-0.642950197592133,0.0850651531147536,-0.3846472643470982,-0.5920823864534606,1.0,1.0,7.043617692140943
-1.0,-1.0,-0.6938811514895936,-1.0,0.17580571676484702,0.48769973047605164,-4.6838551278887905
0.9513864058100592,1.0,0.012793676281979138,1.0,-1.0,0.29686640279727394,4.970736982841489
0.20661927919849377,0.6631866838623419,0.6095478750187497,1.0,-0.6143899130980126,0.17260730335144206,-1.1382430361114757
0.5752207592965735,0.7376315741491178,0.13849893843467465,-0.679514342158766,-0.7245606364719739,-0.34287099985089053,1.9050181723203765
-0.8531818386656648,-1.0,-1.0,-1.0,-1.0,0.30374025879259436,-2.5889739106634506
1.0,0.6893811617418227,1.0,1.0,1.0,0.9995229735438197,-8.255523365222958
-0.4436569047958827,-1.0,-1.0,-1.0,-0.14550710007907797,-0.22603605241493985,-4.348831945495703
1.0,0.06627311325547675,0.9270287968380294,-0.10039868405710628,1.0,0.33859277161999407,-4.213812825258336
0.7320238079216863,1.0,-0.7331267294316532,0.22663065973305496,-1.0,-0.27017982334228297,3.3808640895419555
0.14252182631218446,-0.42407108252432857,-0.29938103029569013,-1.0,-0.2996945500071482,0.1433607799304515,0.08870188347231578
0.0944320523844614,-0.20232533972560818,1.0,0.7342475175159269,0.5156125831410074,1.0,-2.3888907099340546
1.0,0.34675759463673805,0.9212621536825933,0.5441086938816466,-0.22858842667206092,-0.29685352304800117,3.034090979721671
-0.5135923236461978,-0.4121100690451567,-1.0,-0.7002746770921087,0.1198605839372755,-0.6305873108726489,1.0327878762551206
0.6039291787465504,0.23343156542722787,-0.17328762796341746,0.23063992275011774,-1.0,-1.0,4.826680466168902
-1.0,-0.15951177571129516,-1.0,-0.39442504528460276,-0.22801511639272715,0.3140562944465015,-1.439562052914867
-1.0,-0.8953262323246616,0.3243522490088482,-0.8711977334981469,-1.0,-1.0,4.775481382295254
0.6808189821407843,0.9086322071160974,-0.521738860717523,0.8622586392260179,-0.6472575717164126,-0.45637108449282116,4.227840992289289
0.2517892390457436,0.24265597921354565,0.8106408154258047,1.0,-1.0,-1.0,3.878453308929426
0.11076961323887619,-0.29301959752183426,1.0,-1.0,-1.0,-0.5699721560499085,2.2071886930033418
-1.0,-1.0,-1.0,-0.6173380110707952,-0.29378071049278276,-0.6887064301120365,-1.197239233306502
0.41514402735835043,0.19770533093751885,1.0,0.15830327419360457,-0.6242550755349034,-0.5354978759702189,2.3884806818192077
0.9809618680274053,0.8956707778313268,0.47074479084815884,-0.50432000620137,-0.027334715566264434,0.4711275536968327,-0.41433203018307097
-0.17465080187763093,-1.0,-0.6951445622981844,0.2626533811919279,0.4294132333930194,0.6780416339706912,0.24170756006655014
-1.0,0.10927120435802078,-0.3727760604505177,-0.43680819758123846,0.3337506805418671,-0.328293911415935,0.7312749526957827
0.6789398779074576,0.3016359967735738,1.0,1.0,0.920335983135008,-0.1797259536886196,-2.4742296734253433
-0.6798590962693076,-1.0,-1.0,-0.7220106669512478,0.044917036746949524,0.9546813450811633,-0.23000179866140935
-0.14851548768619544,0.7549929509409897,1.0,0.15397247191047247,-0.3195549443854272,-1.0,-0.538683295338084
-0.1574434016671496,1.0,1.0,0.7177809478063271,0.2886068966372193,1.0,-4.095400067877666
0.00792700381369893,1.0,1.0,1.0,-0.5058894405743566,-1.0,0.5982282810718855
0.6700717340327691,0.10985724501584283,0.019537885845204883,-0.35110940286252856,-0.10482711822406965,0.36988672395390676,0.01789000345327918
-0.35018311115580386,0.11535476922335419,0.34328715749650784,0.25671548189299676,-0.28541447380224955,0.1665587941144958,0.48025396328245773
-0.7586160251918475,-0.8542791890188901,-1.0,-1.0,-0.48272805406725205,-1.0,4.517459014150656
0.3060772113392304,-0.34577037143104816,-0.31617580350484,-0.08702577543651269,-1.0,-0.16085997850880915,0.5790972824323225
0.37210651862851984,-1.0,-0.8280884550938493,-0.5239179506242242,0.06308101901110685,1.0,1.069299534886303
0.8984282265832967,0.029747868418185552,-0.23439644913405605,-0.9703669604387588,0.2277745973337187,-0.4044903634596976,0.6362096181850188
-1.0,-0.7451930480752966,-1.0,-0.3346330996350072,0.48875455723369354,0.722358021077826,0.4431024686346583
-1.0,-1.0,-1.0,-1.0,1.0,0.12529785784080372,-7.71686316271489
-0.4980382462605853,-0.0077912162432426935,-0.3278826701191493,0.466547477793322,1.0,0.25493246407822157,2.0943545280251197
-1.0,-0.5425433751470177,-0.2451030214985337,-0.42312657608850857,1.0,1.0,4.521790261960632
-1.0,-1.0,-0.4967559271393489,-0.539040313332291,-1.0,-0.6706999284322834,0.5475219740704494
0.5048767724870992,0.26601034732163953,-0.030632593020336052,-0.5682733004386779,-1.0,0.07987671061480306,1.7685144457557225
-0.5043333209143015,-0.30992349291357013,-0.9705781215184089,-1.0,-0.5248920751733226,-0.3402470071928514,-1.6748929566368356
0.8653964606672699,-0.14092600942255318,0.4062777287882636,1.0,-1.0,-1.0,9.08945894155527
-1.0,-1.0,-1.0,-1.0,0.46859432929169065,0.5660379131795898,-7.960257155887
1.0,1.0,0.05064624628454406,1.0,-0.3628409300515688,-1.0,8.914434660684494
0.434204155284317,1.0,1.0,0.010929952828959921,-0.664028916330891,-1.0,-0.8539564347246886
1.0,1.0,1.0,1.0,-0.23786099845887065,-0.4574343319486265,1.6747379540941738
0.17481766269277288,-0.48297247527023496,-0.2814500481259173,0.8449335782948807,-0.06428910245998988,0.16955402187984137,-0.5070386912344691
-0.9330501183722154,0.6057761271987491,0.015257491802279977,-0.016767209353686474,-1.0,0.0842180700250898,-2.8599247856561325
1.0,0.796448212023033,0.5339483245460614,1.0,-1.0,-0.8317048046907265,9.114001969303569
-1.0,-0.8756052693843641,-0.5626598894393045,-1.0,0.7329474799383644,-0.203635623317161,-1.7756962074658535
1.0,1.0,0.5633573287342719,1.0,0.1441945841840408,1.0,-1.1311955633298099
0.13837914910094257,0.8812131486630521,-0.4532243427886242,-0.7762480293865194,1.0,0.32613315610255134,3.5206377325825575
-0.4606944449556186,0.3790782168892657,0.22169129549414368,-1.0,-0.8822271053502324,0.44113400460567115,1.1011987015422506
0.9115990703614529,-0.39467164964208756,1.0,1.0,0.5191595906296556,1.0,-3.949483422249855
0.8265703598047707,1.0,-0.2187101374988904,0.42157919819608813,-1.0,0.35191181221764745,3.3534049158713106
-0.4670075596509391,0.3353306939024225,0.41287984383080445,0.2623324928843158,0.11139675543169292,0.4863282906907032,0.5567603696654781
1.0,0.36550488282154436,1.0,-0.40235548036730867,1.0,0.626158006939574,-4.002025040806616
-0.4550730606098807,-0.10403272121662216,0.6554343782765645,-0.10278028500054814,-1.0,0.2971665172782819,-1.855358866328777
0.6148579980157876,0.34415502984439533,-0.3381700515374354,0.30910413594366526,-0.6713080117332014,0.08163972006254006,0.5035035827062031
-0.31168441641504147,0.24710529280236496,0.3791376398935278,1.0,-1.0,-0.8687895189980359,2.286427500208957
1.0,0.9382315225282458,0.9305089406136644,1.0,0.012478482244708433,-0.704107481663184,0.7045665799365906
0.5625540555659392,0.5438616485300629,0.02784802239965467,0.8054848738034821,0.48334307506537694,0.9508226441852764,1.7405481416254664
-0.543356161392625,-0.7277565492773101,-0.6094375251146061,-0.3248231265130307,-0.04111124207692263,1.0,2.0096894271533947
0.05605239237490672,1.0,0.6215879853278026,0.3001549094687811,-0.6835284745937782,-0.9815625319337635,1.097899702885301
-0.6633083799578307,0.012147769340622117,0.9491386997727063,-0.868491356806983,0.9333426786121899,-0.6158526198113972,3.255539383991219
-0.8577688733407225,-0.5099792004736213,-0.2865471883793216,0.14432092669208008,-0.2854814552715028,-1.0,2.97768519759497
-0.512238898547507,-1.0,-1.0,-1.0,-0.1875903779228263,0.9220612043568867,-1.8408119190573111
-1.0,-0.25021395926195567,0.46790774200197327,-0.5536317037202798,0.534208010848266,-0.1921683225690145,2.2233019123641875
-0.3856765058165472,-1.0,-0.8108783796200212,-0.07327295078722118,0.12069180405449553,-1.0,2.8572713147769937
-0.26867982251628886,1.0,1.0,1.0,-0.10575519863549478,-0.7439312041760962,-1.6109625719715936
0.4271474450334782,0.8944149623021054,-0.4032982800308216,0.36536134222569605,-1.0,-0.8502098314103437,3.8195651482884303
-0.7170661263417333,0.7333892855399623,0.43996834965452325,-0.4900462895246237,-1.0,-1.0,-2.8206503350778265
1.0,0.5582686586378398,0.21448011899626063,1.0,0.5665052587271568,0.6019305364931052,-1.7329446058157147
-0.4899490607468624,-0.5658359099256842,-0.8272894790090174,-1.0,-0.0932596673778554,-0.79647893774041,0.989309632711841
-0.20808545488589558,0.32767822507131616,0.4321327982430424,0.469210173838709,0.9990130460815965,0.5701526171020659,1.0578965976665187
0.6141663580468203,-0.16712251296501085,0.5821916155959641,0.06584325362579682,-1.0,1.0,3.7497048769288743
0.061384629946015457,-1.0,-0.37967383441980895,-0.26898965120746965,-0.4090330194578775,-0.5002515348146648,1.462644552281644
-0.1401793096213788,-1.0,-0.4473203462617277,-0.6031885125749381,1.0,1.0,1.6545207913022528
0.1791430411648799,-0.15421755085781857,0.5741365084713714,0.42679641078621783,0.1102309654880319,0.6007064873486976,0.376613884906552
-0.03407813235265848,-1.0,-1.0,-0.7889670369259866,-1.0,-0.6021192283895995,2.466335159891605
-0.5534396572448841,-0.9230164061938796,-0.12519680369411498,-0.41637444153572967,-0.78826940833737,-0.9486777815683236,2.2626548805837983
-0.2546287544921715,-1.0,0.21075843022765556,-0.42025632131520485,1.0,-0.9413283817178191,6.183408183587642
0.36836070642189656,0.9418749480125254,0.27138887532948575,1.0,0.8554323791966649,1.0,1.4334325835999546
-1.0,-0.6067976894075127,-1.0,-1.0,-0.9317997595381866,-0.3764951745991989,-1.7525806123884844
-0.4596297362078837,0.5690889776200434,-0.039209923543662345,-0.7315926206942961,0.10636936277135475,0.3304610058229871,0.7290907058195492
-0.09957902726442547,-0.5899310849288062,-0.032889954197947366,0.8930752333777703,-0.5616459223977965,-1.0,2.8858576554482878
-0.4182393899058824,-0.5317761414379457,-0.4086966333516563,-0.738057157983325,-0.40035454362543477,-0.9747143305624623,2.4263771255222557
-0.899646838498811,0.7251371713235901,0.08423957858523243,-0.08046448207266643,0.7170570532401589,0.3456511961944324,1.7952270647261328
1.0,1.0,0.694859585967956,1.0,1.0,0.10483546434476942,-5.985241473036291
-1.0,-1.0,-1.0,-1.0,0.18444070829881642,1.0,-2.7161097075946254
0.3606190015138617,1.0,1.0,1.0,-0.8640663042313048,0.9217317105216147,-3.1353360008173308
0.3221557064837415,0.3103087378892,0.9157245316446966,-0.032259080066176615,0.17125709804803516,1.0,-0.8468978989908598
-0.2532470741516396,0.1199309470456319,-1.0,-1.0,-0.16802216051021723,-1.0,2.0847101838694018
-1.0,0.19021651237159942,-0.8801253990796386,-1.0,1.0,0.7222601686758479,6.386505760346948
-1.0,-1.0,-1.0,0.3876350831808588,-0.8972135365179166,-1.0,-1.4852799370378766
-1.0,-0.22726605948821565,-0.6717411242029152,-1.0,0.7032801999011508,0.820215383937627,3.9776674359950546
-0.46533049115604835,1.0,0.4164804289322369,0.7957264702319872,-0.5211414871131808,-0.9507164913789766,1.6826234438419898
0.7351505257186611,-0.4357505128650477,0.2613496436561777,0.18736013855546108,-0.9224710832346981,-1.0,7.6054309156225655
1.0,0.545973329483152,-1.0,0.9423627811251478,-1.0,-0.302971251368894,4.772150800053831
-0.8674202317926188,-0.659615256569724,-0.8704663903893142,-1.0,0.07623549893463633,0.6066538186544852,-1.6334809943360655
1.0,0.8386592884292132,-0.09222167117802016,1.0,0.33374968027126894,0.7279526399990262,0.018785591555157105
-0.7335072777160363,0.5997372579886738,-0.8823266339442339,0.05721906406804974,-1.0,1.0,6.419647618232662
0.03283262840320922,0.5283024994531986,0.41314897760907865,0.39448132478931974,1.0,1.0,3.035976383345619
-0.3286039232295689,0.23684829960572376,-1.0,0.6999975296090795,1.0,1.0,8.941832211846465
1.0,0.9444213093995911,0.3793283077674102,0.40795600776964286,0.044351597606878235,0.48969455740420215,-1.1337385665703263
-0.5343440384393878,-1.0,-0.340486977476703,0.5594831278177141,0.7479814740515128,-0.9310651581819658,2.0382716117565645
-0.693868282379893,-0.036559636631262826,-0.0007405346248920419,1.0,-0.6627136159182134,-1.0,1.761725745727983
1.0,0.13324890280555754,0.600629116934766,-0.09394096308318811,-1.0,-1.0,8.449657179965577
-0.5329351022172604,-1.0,-1.0,-1.0,-1.0,-0.6555766423590964,1.9262193981086904
-0.632782825206127,0.5860591485846872,0.398253290938024,0.11839862364329401,-0.473364699832862,-1.0,1.274253733366385
-1.0,-0.03768925151263203,0.3154378995611805,0.8901150154704908,0.2667556197884652,-1.0,3.9462277842067452
-1.0,-0.6657783876953176,0.4570289317055267,0.09411046664452556,1.0,1.0,3.7379374182927125
-1.0,-0.2941785672833107,-0.9487982439503194,-0.8725309863402471,-1.0,0.11011281007551907,-2.8973891754392764
0.11150907454202619,0.17544804882821796,0.5279131074054009,1.0,-1.0,-0.6433351307637518,1.6672954973515701
-0.800738851804217,0.39698429807343294,0.6114604579622958,-0.8878173243886376,-0.2772352754569281,1.0,-0.38397175471803
0.725410494248436,0.2689551142500608,0.911688488260618,0.6591650152750699,0.47979853711897197,1.0,-2.3706641990902257
-1.0,0.20983413680081264,-0.07096038363389261,-1.0,-0.5907020451429135,-0.23714716527736424,-0.1671589568762103
-0.396978537469189,-0.9907581415377296,0.13264760059974723,-0.8406776234466571,-0.5900674769106601,0.42754343416368873,0.4573711432269371
-0.6640541143904718,-0.2093459185786678,-0.4978834304697488,-0.5285107777983413,-1.0,-1.0,0.32466704886482856
1.0,1.0,1.0,1.0,-1.0,0.2172933094220315,3.9601606331210313
0.041126578418525295,0.3787661235197566,1.0,0.18272556544477783,0.03567413359062227,-0.6806744693641671,0.5134341350005138
0.7079466583388674,-0.7352722422519418,-0.7228926498680897,1.0,-0.3253347669762403,-0.34286978229614895,0.17622639996834674
0.41407654255493137,-0.6577838057605525,1.0,-0.2142273252945206,-1.0,-1.0,5.22270564921864
-0.1364224683372533,-0.2881233245056218,-0.016293214670499115,0.5771321722607842,-0.4621469244930868,-1.0,3.4039067076970393
1.0,0.8562794440928327,0.25091780860699553,-0.6747499120681827,1.0,0.9237570528141847,2.11104717520115
-0.696610084979433,0.06612355039356636,-0.22272144720722153,0.45739654937069507,-0.7035201641543063,-0.3670167478159272,-1.3306763416796192
1.0,0.6304673157585359,1.0,1.0,1.0,-0.9606916855905202,-4.881949658497641
0.2849992147068207,0.0711239964404766,0.30161005462487156,0.5061288974031818,-0.30890174112091806,-0.9638814158454572,3.284154670591802
0.993584161312832,0.5322680317106823,-0.5699201544576709,-0.017131437854185694,-0.5977522311758974,-0.933053184642491,3.8149055016709066
-0.6306438406886544,-0.8086999025539232,0.8563344700731411,1.0,-0.9247104014259842,-0.6312838437899133,-0.7960544458256886
0.6142045761086983,-0.14541270559197744,0.0538492079176599,-0.5938578814771238,-0.18789067881037164,-1.0,4.690371282700751
-0.9661475000735507,-0.30734277409923483,-0.07350772508439418,1.0,1.0,-0.7560697231726625,4.484428702018073
-0.8915969441383322,-0.5332293957806746,-0.5468108876449399,-0.7518841694891307,-0.57890013489053,0.5917558279374303,-1.3003716398248504
0.7158492794874601,-0.46045941863730955,-0.08166304225413046,-0.6145889010924969,-1.0,-0.8414514782374813,6.0113462530363115
-0.9204302964588269,-0.03813665708242181,-1.0,0.1429920657212747,-0.2426789392836124,0.9485587818861756,6.750709676758589
0.7654282515891688,1.0,0.4276345058821509,0.6452544664098386,1.0,1.0,-0.21686405561060873
-0.9487709380635555,-0.35990327530577815,-0.7839435560465657,-0.1342456380463637,-0.7295995767094701,1.0,2.031746784928123
-0.4837999165794524,0.6954551817562209,-1.0,0.09404424527662267,0.2135697816043492,0.16987821283606375,2.270917759214893
0.05156613684234379,0.1944966188788756,0.7628728766038354,-0.3931051990723543,-0.8535077267627653,-1.0,1.4599416584046883
-0.8367841290356991,-0.6274942462765736,-0.35136139524559984,-0.8635720604530173,1.0,-0.07605787316827972,1.987929914936148
-0.6513521132175593,-0.6931488906679142,-0.023557888721336462,-0.4133239539002647,0.8848179947745642,0.13554988664513756,1.4179099889227906
0.2496270731230748,0.3423467122427958,0.12680445017074438,0.6800156577495389,-0.3872958005001964,-0.6286709177949886,2.4356391228999743
0.7206068212781218,-0.1438534540354996,0.5239569217027205,1.0,0.09869583702335527,0.6579947481048166,-0.4070808582229145
0.8382384103661324,1.0,0.03969467993684184,0.9708977932027631,-0.9806800934598379,-0.47749931085971364,7.059716860399253
1.0,1.0,0.14165536085552222,0.10084868794118806,0.9770626068965267,1.0,1.06962770546393
-0.6895116185969413,-0.38113621812707765,0.07457673740046056,-0.3384819106237882,-0.08481260557311376,-0.5095277161815757,0.5429075772473805
-1.0,-0.23812157818502921,-1.0,0.11045195279052167,-0.7824933699391454,-0.34758235985574165,-2.569985805691751
1.0,1.0,0.6902369861079163,0.7588556173563159,-0.04018329573635906,1.0,-2.0427401284694717
1.0,1.0,1.0,-0.9622043888156573,-0.35409463067814406,-0.9844058148869473,-0.33909617533970293
-1.0,-1.0,-0.35974673815271657,-1.0,-0.043591407558055906,-0.7965774669103476,1.5587538172059479
-0.7650521020666652,-0.2481794438761643,-0.5718907395435325,-0.7109847486318881,-0.5792489767672689,-0.008356112093038465,-0.2538834811993882
1.0,0.37840371911428794,1.0,0.0267608378505495,-0.9780137207383879,0.19706112671328893,3.8515735151773582
-1.0,-1.0,0.5121881052307117,-1.0,0.5268118229743654,1.0,-2.4624363589506912
-1.0,0.17402449988776814,-1.0,0.184700577721353,1.0,1.0,10.034117224997072
0.7017236115866539,1.0,0.12342097159821386,0.2037573296182072,-0.9057216461719493,1.0,7.237325296354478
-0.0019884162319160348,1.0,1.0,0.3740476716054428,-1.0,1.0,-3.8783452417217124
-1.0,-0.3753063616978105,-0.7566925028341032,-0.46283176865236886,0.01913983863503732,0.5756112121336152,-0.09791337744222506
0.8935199824386016,-0.5011286550942666,1.0,0.1454750417769142,-1.0,-0.31974316365648403,5.482885718222647
-0.06922370350458995,-0.9834139304129028,-0.3656698655518662,-0.45706994915579124,0.8440347394825276,0.14651164779892284,-0.7808018682213019
-0.50366775410987,0.0004142606062873533,-0.5050055096270778,-0.3589671315674626,-0.6279941269633127,1.0,3.122381718613598
-0.16715008195126618,-0.09506914818098311,1.0,-0.15106826939230647,0.04491747662021406,0.5665258199479837,-1.423636806454747
0.07491482162711949,0.46645499940868457,-0.008744922525239507,0.6340542066412389,0.7192339027026889,0.1439398109931973,-0.4752557697209386
-1.0,-0.15921983594344452,-0.034944083578201446,-0.5369697172752297,0.6702511760058906,-0.7287692713596143,3.9678227096659406
-0.9126136705510473,-0.5157897300652787,-1.0,-0.051781834006745464,-1.0,-0.7456720323535383,-0.8183854931017543
0.696956889868341,0.14140345335311721,-0.034053404610056126,1.0,-0.7787032239700092,-1.0,6.604023516644581
-0.045031718908219553,-1.0,-0.23329613054189247,-0.1759082081949357,0.9890044920775753,0.5524863206378128,0.32307748906655076
-1.0,-1.0,0.46291352236364214,-0.6410939701104881,0.3126102171168006,1.0,-0.2227800622970204
0.039167093419511495,-0.37857072409962983,0.3535055326528477,-0.20423682666532228,-1.0,-0.5736396189574935,1.339247034177504
-1.0,-0.7936696927311848,-0.4841556290411035,-0.6166857326527447,-1.0,0.2550036263673605,-1.858678412793279
-0.04354742743482598,-0.4206022204522665,0.2557352486120173,-0.46424288828321847,-1.0,-0.27421494772436183,0.9290107784126465
-0.15808354491231547,-1.0,-0.5661576794840473,-1.0,1.0,0.5963491969706836,-2.115453897745369
-0.17592803128844542,0.9326487022542811,1.0,1.0,-0.561577377577642,0.7940258962744708,-4.43297294073283
0.52747586623236,0.012086329929288375,0.4960267919284218,1.0,0.09638521600034405,-1.0,2.677468111130711
-0.6412652520114027,0.3384667608972121,-1.0,-1.0,1.0,-0.43293424650463846,0.1273858671936432
0.1906371104854928,-0.6886604812544337,0.1822946671492801,-1.0,0.5844772322591769,1.0,-0.021282958414123143
-0.02294459193483378,1.0,0.4704965857275301,-0.7393597426198819,0.2237695689134831,1.0,2.0807764273193743
0.9008509935632785,0.5584499067565898,1.0,1.0,0.6016644674102988,1.0,-5.655663132435375
1.0,1.0,0.3785750265091034,-1.0,1.0,0.4547312084055694,1.0167365819952763
-1.0,-1.0,-0.28490302410984936,-1.0,-1.0,-1.0,5.679407236768753
-0.1111872378720089,-1.0,-1.0,-1.0,-1.0,-1.0,5.739899754160734
1.0,1.0,1.0,0.9586032221145349,1.0,-1.0,-6.358246248547604
0.1954323244885941,-0.10373073809847591,-0.4532622095124167,-0.0687164754058742,-1.0,-1.0,1.8632535989416206
-0.9431444028384086,-1.0,-0.87035932973475,-1.0,-1.0,-0.04204791722577794,-2.4213613468836943
-0.9539798349802171,-1.0,-1.0,-0.8798269774963734,0.19128960356397817,0.45343626787809177,-5.8407762210388805
-0.787241862553311,0.013416864502357906,1.0,-1.0,-1.0,-0.22906515100274283,-1.6628740043007775
0.7895528405140516,-0.9969823007378803,-0.021555745072426913,-0.12806401965708725,0.8750472095046347,0.2734925348699566,-2.774706162718703
0.5482089095005522,0.5742606439323212,1.0,-0.09422544443099956,0.5551213925028298,1.0,-1.458375169020089
-1.0,-1.0,-0.06540642649153038,-0.028357282547364138,-0.431257682643703,-0.47111658398821565,-0.11934299757581338
-1.0,-0.4531680571292127,-0.8752711810716722,-0.13069372461876494,-0.35873346146700535,-0.1838339976635909,-1.4287266131977883
-1.0,-0.8295483723522316,-1.0,0.6930208491648534,0.6409576988161724,-0.20660048844432913,-3.4243362072733374
0.5875816729342392,1.0,0.2810460171164395,1.0,-0.8491720949561884,0.5555680247000843,3.4052867281490746
-0.02181543790835261,-0.8018340718880556,-1.0,0.33081896500151176,-1.0,-1.0,0.753871993944293
0.8898041231345738,0.16553165545612758,0.016165181836298226,-0.678418355029387,1.0,1.0,1.476629940261668
-1.0,-0.4247582249691736,-0.18154472532634924,-0.138830007502444,-0.152065256855729,-0.9616651622812582,2.1783153454738176
1.0,0.9953796924119322,1.0,-0.7034115355953289,-0.4941191825331888,1.0,1.7637841396049194
0.6428022601576826,0.04065607498515178,0.9424988846227534,0.06540622196287205,0.10859659119820775,0.6980990566770352,-0.05365896117297564
-1.0,0.282688476191126,0.16214239901619126,0.8051462471367683,-0.41486149943990636,-0.35129895399086564,0.48046013414058764
1.0,-0.5843757665826321,0.6432045224815288,0.10580365617242804,0.5744327040130042,-1.0,2.498846303737096
1.0,0.6540571884624906,1.0,0.3959475057167422,-1.0,-0.153525364827359,3.1976172423644136
-1.0,-1.0,0.6772654611749137,0.6563459692822309,-1.0,-0.7202827886343477,-0.23813522666851328
-0.5675805258571529,0.7657837557355269,0.2639333592187768,0.6038062773151057,-0.5833284481444414,-0.826361999199748,0.20741214361536597
-0.4927668435226735,-1.0,-1.0,-1.0,-1.0,-1.0,5.444081994510058
1.0,0.5118106234051871,0.7019123120902255,0.7534195377281605,1.0,0.21738255203000478,-3.8970517296944034
-1.0,0.08336698779899165,-0.04600277731116098,-0.6794775219325492,-1.0,-1.0,-1.8010903703798455
0.4654316822548693,0.5904183094701172,-0.06519878445199823,0.0605243885498897,0.1120321515659013,0.43898161229740884,1.7951943889553534
-0.7492089063004993,0.22521380288678983,-1.0,-0.7276518991176909,-1.0,-1.0,0.5044263255670154
0.5216051875395986,1.0,0.6975190383325036,1.0,1.0,0.036098443258308466,-4.485681289765811
-1.0,-0.31569576525781895,-1.0,-1.0,-0.0411734487859082,-0.29227577803692795,-1.55772513219872
0.6406789570720253,0.6255603210699983,1.0,0.9042747632955837,-0.8037677574301263,-1.0,4.9832921038302675
-1.0,-0.7088503149089391,-1.0,-1.0,0.15199283811238146,-0.10086845983335566,-3.3452519183950047
-0.5775649385014495,1.0,0.6575034505267188,0.7900720874297087,0.4540956641441556,1.0,-1.234143225293388
0.5846202830662961,-0.4277563130585911,1.0,-0.19600927883720265,-0.10795774014630899,-1.0,3.3531057295633158
-0.7220957162429097,-1.0,1.0,1.0,1.0,1.0,0.7584408068305722
-1.0,-1.0,-0.10251452754339674,0.5819954271775831,0.26483203344003114,0.3953739293332792,0.27604447269689997
-0.6036014604941227,-1.0,-0.570941179336703,-0.4537223623258295,0.513855261220489,1.0,1.3767660617893533
-0.8243071523681167,-0.4699587713786349,-0.10108211465404182,-0.10791691796472791,0.4739158449279237,0.35078115817941413,1.0797931552507245
0.5907886933946694,-0.8661378215705966,-0.5381769785002963,-0.7971596838675465,-1.0,0.8195195489859689,6.3910976658889656
-0.42895986672095987,-0.7113284771789115,1.0,0.4683045042471788,-0.896098267276412,-0.38042747309502367,0.6065401727431486
0.40906695241528435,-0.2945069446554391,0.5841343076408958,0.4039784098512541,1.0,0.256071242070981,-2.316281478535161
0.5113925125227918,0.06071400821338646,-0.10360385470071665,-1.0,0.9805250836507488,0.7432338599753028,1.1915781048506289
-1.0,-0.0716111738922467,-0.463920398199571,-1.0,-0.5452007026162022,-1.0,1.9734694470136012
1.0,0.5768195251207865,1.0,0.6273819335274717,0.2939624169106595,1.0,-4.658515986715202
-0.45334132295368473,-1.0,-0.2609177863335834,0.1611761868067173,1.0,0.9935659082919408,3.7444599139887784
0.25986603016802345,-0.9782567406297458,-0.6631031127599494,-1.0,-0.15468971827823252,-0.3897289253748595,1.036634022174248
0.48182126383461055,-0.8480371932252059,0.02699183010234507,-0.9754412072991626,-1.0,-0.7870788241213594,10.20804534246195
-0.5517777168976348,0.09177347633612165,-0.9624313193504049,0.9050822014066123,0.06930694446395014,0.647710024311213,2.4030837719715428
1.0,1.0,-0.12259971399173986,0.5699492936392103,-0.8662630658907298,-1.0,7.759129989510944
1.0,1.0,0.1182586762388764,1.0,0.3450614003063577,1.0,2.3351476849150288
0.945709350609919,0.4851251509155148,-0.24576418298938918,1.0,0.8352148294439125,0.6868361649192624,-1.5004103038955625
0.5336285673981646,0.03835728897853427,-0.41861482295745134,0.3257512763167767,-0.6221717197775538,-1.0,4.024361296297971
-0.4111442930720772,-1.0,0.4132613370519307,-1.0,0.8037092733909011,1.0,-0.5410016365701855
-0.18727456925601094,-0.0962240443575183,-0.46613630946572937,0.5133133204753151,0.36588671542538753,1.0,3.815997538668753
0.5051322452109375,1.0,1.0,0.9108400226438473,0.11336005697702503,0.7765133647245936,-4.885677671681318
1.0,-0.2741660313851749,0.7628818585831865,0.2963218550303327,-0.2126848193709131,1.0,1.5466533528739426
-0.5811513161900291,0.31973611612142083,1.0,-1.0,0.7087600735493418,0.5967075148532899,-0.5803044755603124
-0.08547453386051618,-0.8035197494663648,-0.09486801051611782,0.23935454983970783,-0.8524126184434164,0.7024680010373677,1.8676192405650551
1.0,0.5924281397357889,-0.2018972554661821,-0.11581839162176766,-1.0,0.8373499398899122,6.80465875617998
-0.7422977334698457,-0.9682075154950527,-0.8030529693198813,-0.05202414004959521,0.03377932163658315,-0.2104788415985086,-2.765874987986553
-1.0,-0.29707273276247936,0.2674519025821266,-1.0,1.0,-0.28245581645048645,5.384015415030278
-0.7039042414716276,-0.5913642485665455,-0.7938746158194852,0.2921023452905246,0.4997061861270614,-0.3820397074987391,-0.9843643005158946
0.4636291769828322,0.9511165971669762,-0.18990755603649612,1.0,1.0,-0.6685462530100035,-0.5328046469122015
1.0,1.0,-0.7052715217604558,0.6120715436907694,1.0,1.0,1.9071643249414594
0.3823643936737081,-1.0,-1.0,-0.26879295508004053,0.4312080349851111,0.47924858941274595,-3.592881269605189
0.21875280907249972,1.0,1.0,0.7508303516723454,1.0,-0.7418624901187495,-3.1547574411781003
-1.0,-0.5756269866169599,0.3124113887527069,-1.0,0.6147053908530979,0.6046643589355591,0.2389686093446511
-1.0,-0.1895099280047028,-0.4193788885588592,-1.0,-1.0,-1.0,0.8175499199944075
0.5434993908341378,-0.46839823090341615,-0.8442701986408659,0.5441438373031952,0.10047705218368058,1.0,5.085850475769334
0.2437628442007676,0.3446894863546097,-0.5121199573557341,-0.984338482941659,-1.0,1.0,9.263856837922761
-0.5686899821067368,-0.2982573571787743,-0.24416635675710097,-0.13659626397663927,0.43951913632852024,0.7066413425270978,1.4021495265486876
-1.0,-0.3350544616156681,-0.15563409743484735,-0.645523456754063,-0.7493644124489761,1.0,0.45324765011461376
-0.30823469008772275,0.13923316041816558,0.613023938143028,0.3331664810051916,0.7244281062200366,0.6475564510673009,1.7539284865975109
-0.09214084348048579,1.0,0.25484972763991887,1.0,0.5560828927004271,-0.316905888442678,-1.0526818964975426
-0.5264175701854755,0.25040329366727476,0.49700666874500865,0.8608610217411073,0.8825544047745892,0.916132689631241,2.4143193251221695
-0.3546424908370265,-0.5777971144064242,-1.0,-1.0,0.07760918288044172,0.24537467026637394,-2.311497681605164
-0.6221095088141604,-1.0,-1.0,-1.0,0.4189522183355885,-0.7736248252798912,-0.8766413354762842
-1.0,-1.0,-1.0,-1.0,-1.0,0.640040474494383,-1.64222213471414
0.1943740885913065,-0.0027169265801416653,-0.11973278930403852,0.7117651320306433,-1.0,-0.9922416889059605,3.487270591344842
-0.23531884096935252,-0.028027280095107687,-0.641907818166489,-0.7331766154010438,-0.2511324615137023,-0.4051684573288041,-0.5838242583704625
-0.19130541990170818,-1.0,1.0,-0.5768984766045093,0.12361009184948313,1.0,-1.6711355662229732
1.0,0.3817762573354498,-1.0,0.43329000495451997,-0.3412967152598289,0.1178694948395814,1.9682184685908397
1.0,0.299437063658704,-0.057224215413723134,0.8741778949353535,0.4729346453314942,1.0,0.6844165643725245
0.20540200522690655,-0.5782584566210001,-0.33291734146962665,0.45932451802401175,-1.0,-0.2686243361342521,1.717004999376203
-0.27335753859735773,0.4111854131695465,-0.8792717738630692,0.4858573799422763,0.10249096041310857,-1.0,3.5834171247842397
-0.8839221427157197,0.14202662842847882,-0.1810467891820906,-1.0,1.0,0.6736212602077218,5.205818515190268
0.05246882745528933,0.13277962059283765,-0.914227901681032,0.8874655790724848,0.8241539529254989,1.0,7.108373441873219
0.7494173743270258,1.0,0.8630766415844436,0.15755387550290023,-0.8097332840102522,-0.45523192276108027,0.30504725677819045
-1.0,-0.8967188598659329,1.0,-0.2391003924452222,-0.9498844454323477,-0.9654540581774401,1.1949454093390872
0.476267089892104,1.0,1.0,0.8771191276162253,0.37586498534607893,0.2631886417361041,-5.222387176269901
-1.0,-0.32331214228115573,0.8924087089762793,-0.3734185561888915,0.15313769786696985,-0.22393157342380848,1.0358023964004248
0.9050725621707654,1.0,0.531337906059602,0.34105156788638236,-1.0,0.6072836132618035,1.9597239296804712
0.012807984022354058,0.1520127801701259,0.0735017782551794,-0.7765540997843975,0.8379086671693827,1.0,4.74901311697801
0.03964712888570665,-1.0,-0.4379538669206461,-1.0,1.0,-0.6084130963476351,2.3411957675462243
0.4754616673687355,0.22297942121370773,0.13197876653056384,1.0,0.5236362587006711,0.6344625026954981,0.6190940722492537
-0.5567469942706691,0.13610632086476046,-0.9305095776063497,0.6628766184402883,0.46692744916855944,0.10202833906677955,0.1279897831746295
-1.0,-0.24546625331404898,0.1689620898900561,0.7257061629086967,-1.0,0.34133359349489917,-2.621927683038779
-0.2684801063496545,1.0,0.507244539227189,1.0,-0.9195988656112413,-1.0,3.5595633803487967
1.0,1.0,-0.16437794801708336,-0.6772734033957855,1.0,-0.30396656723401627,-0.13106299699789825
-0.11914059862613362,-0.6423158178573309,0.017540188194339668,-0.17158804325938815,0.666698533230431,1.0,0.97781774434918
-0.4488099952559763,-1.0,-0.024696105387478018,-0.8697435892771528,0.4467546914345159,0.659576806124108,-1.0851178721197337
1.0,1.0,-0.47890482559979775,-0.3610633734806791,1.0,-0.6054905365866607,-0.42181081443084045
-1.0,-1.0,-1.0,-1.0,-0.3661853069550969,-0.9940178660004392,2.6638839953232814
1.0,1.0,-0.015231399211101337,1.0,1.0,1.0,0.8681845825324774
1.0,1.0,0.43448552244761274,1.0,0.5058601188119434,-1.0,2.1985825924947204
-1.0,-0.7863816455146917,-0.9873903557354125,-0.5993699817934379,0.23631583190305505,0.5308481005332037,-2.3230937429287306
-0.18265851022539847,-0.8692866085430817,-0.19103267456310108,-1.0,-0.5291188877126017,0.5056587149941643,0.376052212974786
0.6122526976169276,-0.46570279909663426,-0.6281239710719705,-0.3500009766149278,-1.0,0.5729375651155678,3.1396900883733374
0.1437083749865682,0.10897291797536068,1.0,0.2937402106730638,1.0,0.9270217117085244,-1.3450879166624858
0.2547772594930488,-0.24889776341884398,0.008883469840448577,0.038388876657886706,-1.0,-1.0,3.4865488367530673
-1.0,-1.0,-0.3685755198052194,-1.0,0.7283200317828368,-0.29815509600767265,0.526630387023759
1.0,0.7832364857897594,-0.2453822584821299,0.6363263080153791,-0.331131440417288,-0.7338887985572905,4.118279426695609
-0.0966617773477213,-0.8169146178592388,-1.0,0.08123996971616998,-1.0,0.013770126131838645,-1.1274838606059792
-1.0,0.052578413936578916,1.0,-0.554020604520054,0.2497185399551478,1.0,-2.7163537470079078
-0.8242434706725936,-1.0,0.32609011166788093,-0.5519461972129824,-1.0,-1.0,4.084568395099422
0.9890479780543224,-0.1664173542643076,-0.44803980308290503,0.4798678523161425,-0.09399397759107758,0.3707161680961665,0.6959669778450902
-0.7830512951612587,-1.0,-0.1469732253394369,-0.5784602988511629,-0.02533222353680742,0.07477145890674258,-0.9054833232475024
-0.7781293641553817,-0.844190701822674,-0.33846224538760006,-0.06560631280101159,0.3580634680391168,1.0,0.9756089845559488
0.33231415650368856,-0.42793422548760074,-0.34307802522657993,-0.16640795188669955,-0.9530947042672239,-0.4681178301997797,1.5856366294471382
-0.5868961589800181,-0.7024984132692875,-0.5204195550611979,-0.7864236022263134,-0.22543563546141848,0.7602746483712528,0.3107561407822089
1.0,0.18490414683052347,1.0,1.0,-1.0,-0.2622914140950457,4.710283007659598
-1.0,-1.0,-0.7465244906002462,-0.49041603064358275,0.7610193042031845,-0.04834096662577603,-2.978366282392242
1.0,0.043761916390514966,-0.32429467911753385,0.022555775732828076,0.5584568044238906,1.0,1.286721670845026
-0.27936569221391805,0.5737778615967879,-0.7316060303102088,-1.0,-1.0,-1.0,0.9204347567823272
0.40365063947872404,1.0,1.0,1.0,0.9400170252723914,1.0,-6.844296507477666
-1.0,-0.5719021315395351,-0.38152484505345513,-1.0,0.6569341730293887,1.0,2.431861288115496
-0.616595171886507,-0.7216140257557546,-0.19270434632702504,0.09831474555430186,-1.0,-1.0,1.2132528707578638
0.2857374004585462,1.0,-1.0,-0.3669921600018713,0.19275726358765222,0.9147839725996065,8.801076522473021
-0.5877240918064981,0.9054782948110023,-0.7359474584040893,-0.8804217518000121,-0.8952613232246125,-0.942910875691892,0.3911187002770741
1.0,0.3338111945390907,0.36576523555221335,0.953547046418767,0.5941446262914742,-0.24565919515559748,-0.839842616357599
-0.46326770925485494,0.21894289142340145,0.04240260969917031,-0.49817032586450427,0.39076865490418444,0.7479528841126292,0.7106333413357182
-1.0,-0.8066261552385139,-0.7753994661820447,0.17278878067758807,-0.468668459606849,1.0,1.336102069869166
0.21245315716653157,0.8183799468788824,0.9534051445493212,0.14130604597231633,0.5189349915088359,1.0,-1.3754317408882906
1.0,0.3706093130600856,0.9763907124559477,1.0,-0.8806202301180659,0.34733125824946826,2.0190684995637866
0.06616244200388943,-1.0,-0.1504808738216294,1.0,-1.0,-0.4604431934107476,2.6774832411517053
1.0,0.11968950548619572,0.36269627698386364,0.42461073110100667,0.5656663118018659,0.9697157319993636,-0.1840718807861758
-0.8716404645096512,-1.0,-1.0,-0.5127058737690471,-1.0,-0.8365330433192275,-0.12684699717068526
1.0,1.0,1.0,1.0,-0.8971434060450874,-0.19546215648974075,4.974707533336995
